Salary,OfficeID,CommissionPercentage ,TaxID,ManagerTaxID,PrimaryOfficeID
296000,27,13.95,93345948,629169382,41
205000,24,11.04,302043521,337365021,32
261000,44,15.12,756015630,213156326,29
234000,1,29.37,400209318,526900336,44
203000,23,23.51,15608312,603051353,21
133000,19,10.36,519704064,674096786,22
192000,31,20.96,655032690,275689005,24
192000,8,22.22,497034907,619240482,40
292000,11,12.13,191038115,245693684,19
114000,29,26.74,287968208,526900336,30
179000,48,24.27,463840561,310960861,4
166000,37,27.98,615242865,383085760,43
107000,18,14.18,93244169,463184849,31
165000,21,25.35,206527641,253682063,33
196000,5,23.44,542900421,526900336,22
143000,11,29.54,230993410,215219694,23
255000,41,12.61,23889748,213156326,2
221000,26,24.94,768100547,674096786,32
187000,30,17.01,496046404,563106809,13
206000,9,14.76,643561874,87662458,22
129000,22,14.48,489198044,662019238,42
175000,43,11.01,454316810,245693684,21
230000,38,24.33,213099778,523070796,26
136000,47,15.92,476215255,466639228,20
297000,37,18.48,302362946,652327732,42
233000,33,16.86,484801270,767241620,32
189000,19,14.18,540457544,463184849,25
166000,12,25.80,548488519,766448223,25
180000,26,14.91,680167392,351944800,47
131000,5,18.90,552089492,280180893,19
222000,46,26.26,9522317,619240482,50
242000,30,17.04,636823136,364526254,27
283000,47,17.19,465651374,364272397,16
265000,7,12.22,402631494,351944800,30
299000,31,16.21,11668260,458630531,2
193000,25,12.87,275401754,104602674,31
161000,4,19.26,151481692,506152189,39
120000,33,26.07,421165447,303088820,49
128000,2,17.03,625290923,455486160,12
132000,20,26.47,643961913,245693684,44
275000,17,28.26,409025852,337365021,31
179000,33,20.06,418808478,165385726,1
118000,14,23.62,449719158,652327732,34
228000,42,19.37,4167154,400630130,21
143000,6,17.37,595707809,680188297,33
222000,26,24.75,426477339,655207806,49
262000,46,19.01,98485876,652327732,24
137000,40,25.68,215402826,215219694,29
119000,16,23.05,23489998,215219694,50
216000,25,10.47,38709793,400630130,27
108000,26,16.70,279805464,152095884,23
157000,34,20.79,509786040,183741727,11
245000,21,29.00,367269582,647704562,3
238000,26,17.09,266646392,337365021,18
161000,4,16.93,503886380,383085760,14
213000,18,20.10,33648718,215219694,36
245000,39,26.76,764542412,215219694,35
171000,11,23.58,39483936,275689005,18
217000,3,23.34,601083678,766448223,30
104000,40,20.32,5826513,245693684,45
122000,42,25.85,555893769,652327732,23
257000,13,27.39,668012620,253682063,31
183000,34,27.42,44183891,603051353,48
142000,25,24.61,595546543,245693684,38
179000,5,21.99,680486138,191826437,17
112000,4,25.43,578097983,231419397,25
164000,21,10.48,310643643,767241620,18
176000,43,25.80,222402478,152095884,11
157000,18,24.40,657189413,432827125,27
107000,27,15.71,431611689,165385726,22
216000,30,29.78,405421065,458630531,9
285000,22,25.52,769387733,215219694,4
251000,19,10.96,484065877,629169382,23
134000,23,14.58,624413575,292406435,23
289000,19,15.05,667308304,183741727,30
142000,41,20.38,467923517,253682063,3
243000,16,23.29,577107603,674096786,37
126000,39,28.31,562301659,603051353,47
206000,41,15.68,694031193,280180893,10
210000,28,23.52,665077545,104602674,14
186000,35,13.31,398760918,364272397,38
206000,10,29.23,635668325,308745128,30
183000,38,18.39,629624083,770321349,22
132000,47,22.98,655223508,215219694,33
143000,22,10.42,560424622,275689005,46
277000,12,25.84,433441889,281128302,22
230000,25,16.16,384867139,303088820,10
237000,6,29.00,535586466,455486160,46
214000,8,20.14,54522417,671109797,38
123000,28,27.34,214344448,104602674,16
123000,27,27.84,473281595,281128302,10
189000,6,23.89,636867984,610828970,3
147000,45,11.27,660055345,281128302,21
256000,2,21.71,386225121,231419397,24
290000,8,20.28,13343814,629169382,20
259000,18,11.52,527056853,432827125,33
261000,49,13.04,367237234,770321349,23
254000,35,17.45,331019255,767241620,2
139000,20,10.79,230352037,308745128,50
200000,28,23.30,49222986,767241620,50
256000,12,28.88,671018816,87662458,25
137000,6,27.97,425627296,191826437,9
288000,39,20.21,555979321,662019238,15
290000,13,22.32,448965994,526900336,16
211000,14,13.78,336164231,455486160,43
130000,12,10.14,442121607,165385726,21
193000,14,26.76,512153626,655207806,46
202000,12,18.47,530037832,765268062,1
186000,45,20.84,414616205,308745128,45
156000,50,24.67,144749407,364526254,35
193000,31,14.47,337021488,526900336,10
244000,49,17.81,370098264,603051353,30
283000,40,18.54,644385121,165385726,10
245000,38,25.16,558139950,770321349,5
170000,17,22.50,616984758,579582611,46
185000,11,16.52,620236603,770321349,28
212000,39,20.18,357724547,765268062,49
135000,37,26.81,686039138,275689005,34
106000,3,22.70,660059053,652327732,25
244000,37,24.26,2421789,662019238,10
175000,16,29.49,476351819,183741727,35
277000,29,18.00,62104803,141115661,4
124000,28,27.91,544564555,104602674,36
109000,10,12.45,34484276,647704562,7
264000,8,26.71,470311304,308745128,7
295000,26,15.90,507459033,563106809,16
196000,39,12.76,451884293,351944800,25
215000,8,19.12,140646276,87662458,12
183000,13,23.56,504500291,523070796,6
114000,45,29.27,172469801,253682063,26
198000,21,28.63,362545588,610828970,8
187000,23,28.47,262804961,400630130,48
153000,10,25.60,697013997,466639228,24
194000,48,19.41,247249406,680188297,29
236000,17,23.23,696012912,652327732,14
179000,12,17.33,401823402,191826437,19
234000,21,13.00,74182375,680188297,21
109000,8,17.33,768369383,674096786,36
124000,48,24.63,392174130,351944800,37
238000,31,10.25,455666364,400630130,39
170000,50,16.86,551754841,231419397,41
121000,23,10.55,18744472,191826437,41
236000,20,11.26,384843533,655207806,39
292000,43,27.70,247658958,671109797,37
148000,35,22.27,385090556,432827125,43
216000,19,27.97,428392734,215219694,11
193000,13,27.87,769181578,458630531,15
125000,29,17.76,8309117,458630531,47
250000,4,25.64,574840305,152095884,10
122000,37,20.30,298400896,432827125,17
155000,23,22.10,147621299,765268062,36
205000,50,18.27,29037322,652327732,6
100000,14,17.80,221561489,674096786,41
196000,40,16.40,698038055,563106809,27
261000,35,17.50,212148027,213156326,16
266000,30,26.09,517316192,766448223,5
113000,14,16.27,75860346,183741727,12
250000,42,27.72,507943025,308745128,14
257000,11,13.90,230658198,458630531,9
187000,8,16.40,417645121,662019238,47
144000,18,22.39,356424401,680188297,28
224000,32,10.36,214597405,671109797,15
290000,46,14.49,621688156,629169382,5
207000,24,11.67,682107642,463184849,18
201000,12,28.22,524290160,767241620,5
292000,18,21.70,37546278,680188297,38
135000,29,11.79,246607157,104602674,46
129000,5,15.12,164345052,141115661,6
286000,19,16.04,650247642,191826437,31
201000,22,28.91,538023953,671109797,33
208000,12,12.90,219044782,275689005,20
278000,37,18.52,762010442,231419397,1
138000,42,16.81,554061325,351944800,44
195000,44,15.79,698014449,662019238,3
148000,42,11.56,385400061,152095884,46
203000,4,11.53,551948399,619240482,20
124000,22,14.77,578125864,671109797,43
239000,34,17.14,288114893,647704562,16
108000,26,11.01,670300022,152095884,48
232000,50,27.00,509467736,165385726,32
126000,33,24.02,297046452,364526254,9
138000,28,25.30,417269075,765268062,5
120000,48,16.54,393093507,152095884,28
134000,39,16.02,374057495,213156326,22
226000,13,14.21,265690902,523070796,41
235000,5,27.23,522323343,191826437,48
193000,26,14.86,242039738,215219694,27
101000,39,24.66,756017757,364272397,49
103000,31,10.70,600012025,364526254,11
289000,11,22.96,105704085,765268062,29
164000,47,21.18,553599177,152095884,39
147000,43,12.43,364646426,351944800,5
228000,48,26.77,317609810,680188297,29
179000,6,12.94,212907588,383085760,22
205000,13,25.44,557216166,770321349,13
119000,23,27.43,107449453,680188297,34
139000,11,19.10,540722641,337365021,16
175000,48,16.16,435048711,253682063,29
190000,41,15.61,557410794,629169382,39
269000,25,12.22,680585436,104602674,24
178000,32,23.99,428471332,292406435,34
298000,19,16.99,253815539,463184849,9
256000,5,28.72,768304395,655207806,42
237000,50,18.29,504124285,647704562,10
105000,37,15.96,452674666,280180893,35
212000,6,26.61,429876130,455486160,29
300000,40,21.77,411314230,766448223,10
290000,32,13.94,511649866,466639228,31
105000,19,27.78,230117611,432827125,22
108000,20,25.22,270502273,308745128,30
125000,41,10.05,289365080,351944800,45
113000,19,29.46,574581738,770321349,20
190000,15,19.71,629867712,245693684,31
249000,19,27.33,561564072,466639228,1
291000,1,19.37,497369965,619240482,33
159000,48,15.45,600531971,526900336,42
162000,3,16.63,313040351,191826437,6
253000,26,22.88,645701132,610828970,8
215000,8,12.58,656228160,466639228,38
158000,42,28.61,585296515,610828970,6
202000,16,21.03,672072046,610828970,1
275000,2,27.73,263615078,245693684,28
113000,31,13.16,14070068,364526254,34
254000,3,20.94,22010232,610828970,26
219000,10,28.57,562141033,165385726,37
202000,50,23.37,532234692,364526254,50
147000,15,13.88,390201070,523070796,1
292000,41,19.18,9076445,152095884,2
142000,4,14.50,282422954,563106809,33
294000,13,18.34,592798196,766448223,7
261000,10,20.25,89074627,231419397,35
134000,47,17.82,606580870,351944800,43
186000,16,25.06,657160140,281128302,42
187000,8,13.12,613048072,213156326,25
117000,21,22.24,291982328,87662458,18
120000,27,13.06,642400693,458630531,18
287000,36,28.57,79784880,303088820,50
237000,10,16.62,534948088,506152189,29
164000,5,23.72,105647408,281128302,49
257000,38,16.57,413137769,191826437,10
272000,8,16.12,473467400,432827125,40
215000,40,15.98,328545343,364526254,31
176000,44,28.78,38072048,432827125,43
272000,42,25.88,573243929,281128302,49
202000,21,22.31,264577784,183741727,20
253000,9,22.28,632406269,523070796,38
226000,3,20.06,614179427,87662458,41
207000,42,27.42,443664059,191826437,28
163000,13,26.69,609567926,141115661,22
180000,38,26.40,670246370,647704562,43
246000,16,24.51,468182938,165385726,27
206000,22,27.22,625230369,563106809,28
148000,23,11.78,509984585,364526254,22
139000,20,15.46,163609339,563106809,49
273000,12,17.62,254293883,337365021,7
192000,46,25.02,312922160,281128302,40
158000,5,17.81,288281267,458630531,24
246000,13,10.89,5863402,191826437,9
267000,17,14.83,592026972,383085760,25
157000,49,13.51,317362974,280180893,49
299000,41,25.42,672016315,767241620,27
159000,37,13.31,687076852,563106809,49
157000,29,19.68,210429915,432827125,36
130000,42,27.85,258612867,400630130,46
155000,49,28.78,766501089,652327732,30
173000,34,27.22,489215814,253682063,47
218000,50,29.06,217345556,432827125,50
213000,43,21.27,647226437,603051353,39
127000,45,17.10,136384649,215219694,26
191000,49,22.96,195683774,183741727,14
151000,38,27.16,218314106,310960861,49
197000,40,21.69,503384449,770321349,21
170000,25,22.85,357079064,629169382,16
267000,5,25.47,273504625,104602674,6
252000,32,24.72,539307716,455486160,48
255000,3,22.46,130186095,87662458,13
204000,8,26.80,448465800,104602674,37
230000,13,29.91,216111463,674096786,24
206000,29,29.99,383344620,87662458,7
284000,35,11.42,298543292,213156326,3
227000,36,18.12,208165286,253682063,42
246000,50,12.25,174441325,364272397,44
115000,36,13.16,447982425,104602674,24
107000,27,27.00,299967016,526900336,24
124000,4,22.98,134728700,253682063,30
162000,7,23.96,134700658,183741727,26
271000,46,24.69,647762678,280180893,29
103000,7,26.90,159389134,152095884,3
131000,21,14.75,604369330,351944800,20
202000,11,29.34,444203001,463184849,25
156000,13,17.16,600217991,526900336,25
298000,44,14.68,543884664,610828970,7
134000,35,17.75,543263843,662019238,49
279000,8,28.10,255156516,770321349,18
105000,21,22.81,409374596,610828970,30
122000,38,23.17,421417929,303088820,5
143000,50,28.51,483566401,563106809,26
175000,3,27.15,532593681,383085760,42
105000,29,11.11,679075927,458630531,42
176000,8,23.31,222403693,523070796,47
298000,21,11.83,459889902,292406435,1
142000,16,19.29,642123398,619240482,6
209000,25,14.10,493233624,619240482,30
206000,22,14.50,463434716,215219694,44
145000,19,19.46,313282669,364526254,50
232000,41,12.83,593715018,383085760,17
271000,28,21.12,64289773,104602674,34
215000,26,27.27,488623490,647704562,30
185000,20,11.75,182344774,466639228,48
294000,17,25.50,353240468,303088820,35
190000,45,11.45,587897698,766448223,50
202000,21,19.77,542278802,458630531,30
270000,6,20.99,529957723,767241620,16
177000,6,14.66,670304547,152095884,2
218000,18,25.30,560236478,400630130,43
265000,15,17.07,556944842,281128302,45
246000,23,16.32,158325399,280180893,25
129000,46,13.60,690078080,351944800,21
249000,34,12.01,23841002,280180893,29
263000,37,11.41,212722321,647704562,32
293000,27,24.17,491864870,231419397,9
118000,47,21.13,241901671,652327732,44
103000,25,10.48,759011590,292406435,45
129000,27,26.37,216741805,191826437,21
204000,9,22.87,602340839,213156326,39
252000,10,25.91,529742276,458630531,50
296000,27,16.90,308906392,767241620,11
124000,11,18.15,611255109,579582611,13
239000,14,18.19,612803191,245693684,15
251000,25,10.26,177683706,337365021,25
203000,7,27.46,252475079,506152189,29
102000,50,25.15,501255579,152095884,43
235000,43,18.98,426805646,337365021,28
272000,5,23.55,504525812,455486160,13
149000,48,26.90,171122677,652327732,13
258000,3,16.99,765608090,280180893,16
106000,48,22.06,8504728,231419397,43
142000,12,13.15,255983057,87662458,34
249000,37,12.84,469824767,652327732,16
284000,11,29.55,556685404,671109797,49
202000,24,13.16,470623452,281128302,37
275000,47,12.88,474439682,281128302,19
275000,6,22.93,494286830,579582611,3
209000,20,29.95,213039542,191826437,4
226000,39,10.76,633161885,770321349,9
117000,21,28.47,39163698,191826437,4
216000,29,26.11,262911151,364272397,45
185000,47,10.82,602194906,647704562,7
294000,46,11.13,568863647,610828970,36
181000,2,17.23,652328607,526900336,17
267000,49,12.84,643565441,141115661,41
246000,16,19.35,401360167,213156326,16
247000,29,23.47,272326769,647704562,7
228000,26,20.02,589467121,364272397,24
154000,22,19.34,117226662,563106809,14
245000,32,18.32,377729963,432827125,34
165000,44,16.07,384723210,337365021,12
209000,33,10.47,540657602,310960861,39
212000,17,25.80,22742730,655207806,28
193000,3,15.41,458080104,191826437,43
234000,34,16.97,462378659,603051353,6
145000,28,26.07,536096299,526900336,16
121000,28,25.36,609705854,463184849,5
164000,49,16.65,398104534,523070796,7
204000,19,27.19,472709560,563106809,5
263000,10,23.50,40667460,455486160,37
181000,4,15.20,313426759,610828970,9
124000,20,27.74,401382488,152095884,13
227000,44,25.34,544522987,674096786,34
163000,36,27.35,535588614,463184849,16
158000,6,11.24,573891416,526900336,14
286000,9,12.26,383132320,364526254,9
140000,21,17.58,323027008,432827125,40
108000,43,29.88,300540458,351944800,3
166000,11,12.04,690014071,191826437,18
287000,14,13.67,281249408,506152189,42
195000,38,27.21,3927029,610828970,4
165000,23,10.96,553692302,603051353,26
166000,25,14.96,298246364,400630130,3
201000,19,23.61,593427016,579582611,47
296000,34,15.54,152782560,455486160,24
248000,1,20.28,33869260,275689005,27
100000,17,13.63,133185612,215219694,40
195000,48,22.64,674240586,662019238,5
277000,7,25.07,544800939,275689005,22
178000,37,12.91,500962791,303088820,38
284000,44,29.93,270680462,647704562,29
295000,11,20.82,406807470,563106809,14
300000,15,22.91,697034178,253682063,17
217000,8,24.15,288606705,104602674,20
245000,24,15.59,500039389,292406435,14
253000,4,27.22,473281602,383085760,3
261000,10,10.32,187764014,152095884,33
190000,38,23.78,465560570,671109797,46
154000,23,29.05,157240224,308745128,22
210000,47,28.94,427196290,303088820,6
120000,4,14.26,455134029,680188297,14
246000,15,12.46,445884228,87662458,32
258000,8,23.95,222480656,563106809,1
266000,7,14.67,530732825,281128302,23
284000,43,28.09,471470362,165385726,23
116000,41,28.70,516746968,647704562,15
101000,25,26.14,101646950,506152189,17
125000,49,11.93,655102347,466639228,6
273000,8,12.98,416236349,765268062,2
201000,17,29.42,688096428,652327732,2
251000,24,11.49,510561809,351944800,39
192000,18,24.67,765481324,292406435,49
276000,28,22.79,233567073,765268062,38
215000,44,16.33,419788255,364526254,20
238000,35,11.95,571561903,308745128,6
110000,14,27.20,608151705,458630531,26
170000,38,25.59,262199976,647704562,24
220000,31,28.77,767035399,770321349,38
166000,18,24.84,564192695,629169382,4
271000,17,23.45,475962035,647704562,19
269000,27,19.74,365117705,183741727,38
164000,11,16.67,237938582,466639228,4
201000,21,25.34,187364740,275689005,5
159000,9,29.67,670077283,770321349,31
264000,14,15.66,601440559,610828970,46
127000,11,17.56,345305635,253682063,27
273000,30,12.77,319602990,466639228,1
181000,17,24.60,561252037,766448223,48
116000,3,24.00,492720363,364272397,34
282000,47,19.88,530352559,766448223,20
264000,19,18.05,482219273,610828970,20
269000,49,24.18,510744618,308745128,17
298000,32,26.33,446960167,292406435,27
145000,39,10.48,214279074,767241620,22
240000,41,18.25,766307062,337365021,10
141000,21,16.35,509226830,191826437,2
236000,17,22.47,200527739,308745128,30
170000,11,28.90,594502103,767241620,7
282000,34,20.53,415738219,767241620,47
215000,24,16.52,302541365,671109797,21
238000,26,13.72,539392155,466639228,4
300000,7,20.38,427967339,526900336,3
218000,24,22.01,419539905,526900336,2
236000,25,12.72,456092805,526900336,19
296000,8,12.96,243304659,466639228,47
227000,21,14.99,408535425,303088820,7
186000,21,19.56,446429808,563106809,7
143000,3,13.62,201800494,213156326,15
298000,15,26.35,121011920,765268062,17
179000,10,15.74,323422207,281128302,5
112000,20,11.04,611204381,662019238,20
137000,42,12.41,609131788,579582611,45
208000,17,15.82,229048682,506152189,50
170000,4,29.95,761012251,231419397,16
138000,29,28.95,696017677,253682063,48
204000,37,16.35,422725917,337365021,34
116000,20,13.11,446628165,680188297,23
218000,49,18.79,475410738,610828970,45
149000,23,20.48,571924157,245693684,29
289000,14,17.74,643383778,766448223,23
147000,50,17.22,668142444,191826437,38
112000,43,10.19,265899011,364526254,9
203000,49,23.52,648103945,308745128,33
187000,45,22.44,494194643,765268062,34
300000,39,29.06,631284099,351944800,21
177000,14,18.38,493583820,141115661,9
192000,32,28.83,181706358,770321349,16
214000,15,21.13,72661313,364272397,48
182000,43,21.42,432840425,141115661,13
284000,22,18.92,273727727,280180893,46
292000,4,20.51,665106132,275689005,43
154000,7,10.56,6725467,458630531,8
116000,5,18.87,668248149,215219694,15
200000,38,24.48,534358541,303088820,6
194000,10,29.07,437247715,662019238,9
155000,1,10.26,379401180,563106809,28
296000,48,15.33,158162249,191826437,42
204000,1,28.43,259791051,432827125,39
159000,17,29.76,471629464,364272397,7
162000,12,22.26,683075695,165385726,37
248000,21,26.66,552053243,647704562,50
297000,13,12.75,770209261,647704562,30
246000,8,15.09,675107951,215219694,46
210000,31,14.79,445447781,579582611,23
166000,15,15.32,484357380,383085760,2
200000,20,28.85,617294475,506152189,24
259000,22,16.32,770187438,671109797,31
162000,37,29.66,29263756,213156326,10
176000,43,24.83,228249231,213156326,47
168000,46,28.36,47143911,765268062,46
284000,41,21.08,533022789,674096786,33
289000,7,26.54,128305985,87662458,36
121000,15,16.56,592948766,280180893,41
140000,27,29.49,134769552,215219694,8
279000,28,14.83,627742997,215219694,50
283000,31,16.39,1665535,432827125,8
104000,34,25.60,534088747,579582611,1
232000,41,29.43,116543539,579582611,8
137000,5,23.12,502684334,104602674,22
162000,15,28.60,680078117,141115661,19
171000,19,18.23,492600927,652327732,38
245000,27,29.61,156308834,610828970,26
289000,20,16.66,627054753,165385726,1
118000,49,27.83,660037717,766448223,19
281000,29,21.20,400517956,183741727,27
295000,30,17.31,142628382,526900336,35
100000,4,28.93,535081750,400630130,27
273000,30,11.90,538642540,770321349,48
181000,28,29.31,756014700,674096786,13
180000,42,28.83,70903870,466639228,6
160000,32,27.12,537512327,275689005,11
153000,17,11.45,612514641,563106809,18
102000,22,21.35,460378380,303088820,24
168000,42,16.87,370448803,152095884,5
145000,41,14.44,90589483,579582611,25
259000,16,25.55,272266252,275689005,17
232000,9,28.98,591068032,292406435,41
225000,23,13.52,356162115,680188297,29
169000,32,28.97,600908904,215219694,46
106000,20,27.20,402586354,280180893,19
166000,42,28.55,216846626,671109797,50
169000,13,19.09,218806734,104602674,33
148000,26,21.75,364130439,767241620,12
178000,27,10.39,502260836,87662458,21
267000,37,23.57,194549837,310960861,9
115000,9,12.19,267723877,671109797,35
279000,14,27.55,522833512,563106809,6
190000,27,19.98,350726724,351944800,24
199000,28,25.69,507308672,280180893,11
239000,23,20.14,632285770,383085760,6
261000,32,11.78,311202353,183741727,49
240000,44,12.84,508124008,579582611,37
281000,31,27.91,228199524,523070796,14
211000,39,10.61,565155987,141115661,13
135000,31,27.62,634341495,383085760,18
126000,35,25.63,313566374,662019238,34
123000,20,29.53,551287422,213156326,8
263000,13,17.15,302105583,765268062,30
156000,21,20.22,467036638,191826437,37
260000,34,28.26,390161332,655207806,49
200000,11,18.65,101721492,231419397,3
161000,12,26.50,196142138,231419397,46
163000,5,12.18,693038191,458630531,18
184000,44,29.50,524151646,619240482,23
199000,4,19.37,259145991,253682063,48
233000,3,28.86,565717757,165385726,25
164000,40,20.75,536644581,303088820,26
188000,41,21.33,390059164,383085760,18
180000,42,11.04,614708991,647704562,49
109000,2,17.07,72107845,275689005,22
149000,7,27.49,5343384,455486160,12
164000,45,18.30,509221663,400630130,35
210000,47,17.60,224015996,308745128,26
182000,4,16.16,408745536,455486160,49
275000,2,12.69,684014675,652327732,47
299000,3,16.37,474280880,231419397,11
169000,12,18.80,496079033,629169382,3
276000,24,28.29,416261894,770321349,43
181000,45,12.86,402848796,337365021,3
267000,17,17.18,300767366,680188297,47
260000,47,12.48,92943133,579582611,26
131000,9,19.88,370041113,458630531,3
218000,34,14.11,164687756,215219694,33
189000,41,29.20,554242309,455486160,26
217000,38,10.60,148626073,671109797,13
216000,20,12.60,538604633,647704562,23
146000,36,27.05,593014295,351944800,10
170000,43,20.55,558609684,619240482,25
250000,43,11.24,110547412,215219694,3
202000,17,11.77,552687090,351944800,30
253000,7,26.10,439246621,104602674,24
280000,1,27.10,405051829,383085760,19
172000,4,13.08,249413677,463184849,46
212000,9,24.31,294385061,432827125,24
106000,19,24.42,594628356,662019238,43
218000,16,24.19,388824816,674096786,18
286000,18,23.02,275142996,458630531,44
206000,50,22.44,307231695,766448223,5
143000,15,24.50,579867362,619240482,11
288000,1,27.84,535726738,610828970,48
299000,9,17.80,216824063,303088820,29
295000,11,17.99,403612975,281128302,11
293000,30,24.60,456772146,87662458,26
227000,47,16.52,338207329,351944800,47
239000,13,23.89,689095371,526900336,2
164000,46,20.75,491924330,619240482,11
172000,34,13.51,492624153,610828970,37
144000,35,18.66,256844528,432827125,26
130000,46,22.27,103345465,310960861,35
294000,28,14.29,339962465,104602674,42
112000,29,23.31,624197147,280180893,43
255000,24,24.49,399966926,152095884,11
257000,27,20.42,353806421,523070796,14
232000,46,23.27,632666158,680188297,48
294000,46,28.54,366726407,662019238,12
206000,37,19.05,137028750,563106809,47
128000,26,25.42,502646662,104602674,9
184000,41,26.44,444058741,610828970,8
190000,24,27.93,543908775,765268062,45
233000,7,18.79,366409586,165385726,29
214000,25,23.36,549095820,165385726,37
164000,6,23.79,214086058,463184849,4
133000,30,28.74,427218601,383085760,50
230000,33,12.71,440306636,506152189,17
146000,4,28.03,564145036,680188297,43
277000,37,19.55,543598318,563106809,44
204000,43,13.61,265232941,280180893,28
233000,31,14.26,160266487,213156326,6
151000,18,26.87,264113435,766448223,2
132000,12,18.25,154705471,647704562,11
167000,49,18.51,310300041,141115661,20
177000,21,18.44,241313537,245693684,40
169000,39,22.81,392902482,245693684,2
274000,20,25.66,548507489,400630130,36
186000,46,12.40,475403501,579582611,10
206000,12,13.90,487073580,310960861,11
138000,6,26.51,538424969,281128302,27
257000,40,29.35,640248539,770321349,30
108000,19,28.77,270066140,506152189,6
195000,2,15.07,7121113,463184849,38
140000,42,16.86,691056626,364526254,23
297000,8,28.02,485822165,770321349,47
282000,14,22.71,213096516,647704562,46
222000,27,17.25,645786187,458630531,34
218000,2,17.73,258211912,770321349,29
269000,8,22.98,647662229,183741727,33
272000,36,19.77,642801997,253682063,20
211000,32,14.88,336032914,680188297,44
236000,35,13.25,505524786,141115661,36
119000,43,18.61,525850731,610828970,17
111000,2,29.20,455219529,400630130,36
232000,14,28.91,441057181,652327732,48
168000,36,17.97,770320289,506152189,23
251000,42,27.00,631804973,191826437,8
239000,25,10.66,475060766,275689005,36
188000,18,20.25,210780035,463184849,2
250000,34,13.05,750056716,351944800,44
165000,39,20.80,316407746,610828970,49
223000,13,29.50,420070555,770321349,22
178000,16,10.95,453491683,610828970,10
205000,46,23.06,460466456,87662458,28
117000,49,17.69,207303216,213156326,49
208000,15,22.19,220087260,766448223,50
165000,11,28.02,423020405,281128302,37
277000,35,21.59,667149626,364272397,41
104000,27,15.35,564534600,308745128,11
142000,12,19.77,594144122,280180893,29
212000,39,11.00,600914924,104602674,46
271000,8,10.16,454897179,767241620,5
114000,19,24.95,1600751,383085760,43
212000,4,10.86,143385362,337365021,12
104000,36,10.92,587366001,603051353,44
117000,30,29.96,404068989,770321349,39
209000,10,17.72,651288844,337365021,44
182000,41,19.24,516529519,104602674,40
164000,32,10.54,137423181,563106809,15
244000,28,23.05,135126307,655207806,15
282000,1,13.54,74463182,770321349,38
143000,10,26.62,432618070,281128302,27
268000,40,17.80,104842427,364272397,12
250000,26,20.01,589514500,364272397,5
182000,16,14.37,497014623,383085760,40
282000,9,13.05,614174784,466639228,37
188000,25,17.53,516400250,652327732,46
205000,40,24.01,639442699,767241620,15
239000,41,17.25,264365252,432827125,46
272000,3,23.26,505680526,87662458,50
230000,46,22.50,601750636,610828970,22
256000,6,21.69,261528872,245693684,39
239000,43,10.20,450866596,680188297,49
229000,49,27.39,619988600,652327732,10
144000,25,29.63,471982172,253682063,32
115000,31,17.31,304082274,280180893,27
263000,31,27.20,214035074,563106809,5
185000,4,21.46,547244357,526900336,12
275000,38,13.44,464263406,275689005,28
242000,25,19.62,534434057,364272397,9
274000,16,17.64,674263085,364272397,43
256000,7,15.40,698034700,364272397,44
126000,38,18.41,166764117,292406435,7
166000,14,19.47,375244780,213156326,29
224000,4,11.11,456573312,579582611,24
140000,5,28.74,377727084,253682063,27
103000,45,20.61,680461035,152095884,27
119000,17,26.68,553649158,629169382,31
119000,5,11.41,362302119,303088820,26
180000,6,28.36,603921051,767241620,16
197000,37,25.78,653189302,213156326,17
124000,43,24.86,244250679,767241620,3
179000,28,13.73,617766709,662019238,36
214000,49,25.40,67368431,292406435,22
175000,9,24.31,279401386,191826437,34
198000,21,22.58,452895549,275689005,10
124000,43,26.25,42903536,463184849,41
195000,34,18.13,241455346,213156326,39
160000,45,20.01,519014418,337365021,6
269000,2,10.29,766388794,292406435,34
166000,27,20.07,493786089,364272397,9
182000,36,29.97,181282263,619240482,25
149000,39,17.34,679076070,364526254,27
119000,23,23.13,641121739,770321349,37
134000,11,12.83,664051329,310960861,11
184000,22,20.42,695018531,141115661,38
217000,16,24.54,616981718,463184849,13
132000,35,15.25,312304427,647704562,44
260000,6,13.36,241461961,351944800,44
268000,48,13.49,417430638,191826437,21
170000,13,27.63,485669320,458630531,22
161000,48,17.70,505604726,245693684,6
140000,36,20.48,283385494,165385726,43
160000,33,21.96,541251184,165385726,17
182000,49,26.84,573785055,466639228,50
149000,4,10.82,257877792,183741727,14
210000,21,19.85,495114952,647704562,38
297000,3,20.72,767165485,275689005,33
277000,28,14.01,507295795,671109797,22
167000,18,28.72,139627458,432827125,19
212000,37,12.49,636405968,526900336,36
229000,13,24.26,353307205,766448223,28
227000,50,27.00,260810218,351944800,35
114000,2,25.40,561289306,466639228,17
189000,15,13.20,541610633,765268062,34
258000,20,11.34,291562522,432827125,11
136000,47,19.09,573154135,579582611,38
134000,9,26.39,314236377,245693684,11
162000,39,14.44,628589109,245693684,48
140000,4,10.75,447407384,303088820,21
168000,17,21.69,521387249,292406435,33
276000,37,10.01,629321997,506152189,6
121000,37,14.99,676057303,308745128,18
163000,10,20.33,540588006,303088820,5
115000,19,19.61,219905892,680188297,38
269000,43,24.15,216070315,765268062,20
102000,40,17.63,353325976,563106809,1
144000,26,25.11,463844845,215219694,15
201000,1,29.29,149285007,87662458,22
227000,16,16.70,382060980,253682063,6
127000,1,27.80,68666110,215219694,12
185000,37,15.50,87010939,104602674,37
152000,35,27.66,699030988,310960861,18
138000,28,10.34,263338095,765268062,43
204000,15,13.46,456595091,281128302,30
283000,15,19.87,569492076,603051353,34
147000,36,11.21,431190519,183741727,10
194000,20,14.95,542608773,280180893,3
289000,3,24.46,772148856,104602674,27
159000,10,26.88,669182237,141115661,6
248000,32,21.93,408994976,610828970,26
178000,11,14.23,772308320,463184849,23
244000,41,18.92,470086341,466639228,17
216000,32,13.85,674124183,455486160,48
281000,29,19.21,173704773,280180893,14
158000,15,15.24,508360639,337365021,12
217000,43,23.98,594355999,292406435,37
233000,18,28.30,269981623,458630531,14
188000,46,26.54,336288495,364526254,9
156000,50,10.68,15010413,506152189,34
236000,29,27.28,663099523,629169382,44
116000,46,12.56,430924641,629169382,21
236000,24,15.90,653016709,662019238,12
188000,34,25.56,327049539,463184849,23
241000,1,19.29,477380764,213156326,13
250000,27,27.83,143547312,400630130,27
270000,43,21.25,394066266,364272397,46
151000,17,16.95,759016767,506152189,48
255000,37,10.29,329905223,463184849,28
248000,28,14.11,458215650,275689005,21
184000,50,26.85,571180820,652327732,15
172000,21,11.24,97524077,629169382,19
125000,8,11.47,297727733,610828970,29
231000,37,19.73,692036335,619240482,22
123000,25,27.43,223798538,245693684,3
118000,48,15.61,135445760,506152189,1
158000,4,11.13,592405393,662019238,20
154000,50,15.05,470849594,506152189,9
172000,9,13.14,618253885,231419397,44
276000,1,16.03,564803379,253682063,4
162000,28,17.80,338128923,603051353,43
213000,3,20.21,640249249,308745128,7
121000,14,25.74,600924674,364526254,34
292000,37,17.10,2341481,674096786,24
168000,3,20.55,268128480,767241620,43
270000,37,23.30,128074111,303088820,16
144000,50,22.29,139136789,563106809,4
164000,29,18.15,102622574,647704562,28
203000,32,11.88,432835071,165385726,12
138000,38,22.87,196107866,674096786,1
210000,17,18.38,658162342,275689005,33
188000,42,27.67,373863120,364272397,43
146000,43,15.69,636504981,308745128,34
295000,28,19.80,307031762,767241620,27
143000,6,19.02,43769016,165385726,13
187000,22,17.67,517407721,610828970,7
134000,38,25.38,502965835,213156326,18
252000,43,29.57,143582062,213156326,45
121000,18,28.15,767364854,432827125,20
252000,10,20.86,403445205,87662458,33
166000,48,14.24,273361499,141115661,40
245000,7,22.38,175707616,463184849,27
145000,39,18.21,445171241,215219694,13
257000,44,26.18,505703978,662019238,21
152000,32,22.50,570591039,303088820,31
299000,45,19.87,179782943,213156326,34
234000,31,11.57,70287620,253682063,30
284000,26,26.16,685018711,455486160,24
163000,9,10.90,229575936,152095884,2
134000,35,28.64,557960362,383085760,28
176000,27,18.39,30121673,619240482,36
249000,48,17.68,343584717,191826437,9
250000,39,22.19,35052040,579582611,49
149000,15,13.06,418365403,292406435,49
231000,23,11.95,393192210,603051353,48
242000,50,17.11,347889685,364526254,4
215000,33,29.86,45129824,767241620,26
189000,13,24.68,532523359,526900336,36
118000,7,15.65,40200577,281128302,27
252000,32,22.62,460793839,610828970,47
285000,35,19.80,515237306,770321349,29
245000,46,13.62,408258117,281128302,35
114000,1,28.66,383031573,655207806,33
245000,35,11.39,669123224,680188297,21
224000,40,23.78,458593553,680188297,15
279000,7,28.85,427157164,165385726,1
296000,26,15.36,565936176,281128302,29
128000,45,12.65,766507734,245693684,17
205000,18,24.99,247525743,141115661,33
267000,43,19.01,5242523,400630130,46
210000,13,28.81,529830013,610828970,34
103000,13,28.87,289906696,213156326,48
151000,29,29.39,539057592,281128302,15
292000,16,19.95,363071995,466639228,28
206000,10,13.83,620606238,458630531,16
207000,30,14.07,609076353,281128302,19
256000,39,28.29,268016374,275689005,48
245000,37,18.19,635309328,770321349,32
257000,42,28.24,605475284,765268062,36
205000,37,21.85,119865612,655207806,28
173000,6,29.37,418900152,767241620,32
189000,7,16.33,137267779,292406435,21
191000,12,17.50,604621774,310960861,8
200000,29,29.81,498622851,770321349,50
275000,38,26.51,210708073,523070796,20
126000,47,22.57,80327823,231419397,25
167000,25,16.90,537043462,337365021,31
197000,37,10.33,682073586,275689005,12
259000,31,19.09,536373665,383085760,43
190000,10,18.62,384588386,765268062,5
290000,11,26.24,691018996,141115661,6
244000,40,11.86,219452181,458630531,44
175000,24,12.71,492095685,655207806,38
100000,6,22.32,757017340,87662458,15
194000,20,16.48,488172809,87662458,41
275000,49,26.17,267513277,610828970,6
107000,19,21.58,263851759,680188297,42
241000,10,13.56,520944741,364526254,14
247000,45,22.18,509186862,191826437,29
191000,25,27.67,456825784,191826437,27
100000,4,11.61,31743590,662019238,11
160000,14,10.78,643428284,165385726,10
225000,17,26.36,485467290,310960861,32
216000,46,17.30,539686005,245693684,38
283000,12,27.39,619568895,610828970,29
182000,10,11.92,639908805,455486160,44
280000,34,23.70,529635521,767241620,44
160000,43,14.11,686059712,662019238,45
237000,32,25.09,474541913,579582611,30
110000,6,17.71,366883013,523070796,10
112000,5,15.37,439771922,680188297,14
291000,31,18.39,556403475,629169382,28
165000,24,17.24,483238820,603051353,8
129000,4,20.93,394883515,506152189,50
178000,22,12.11,114249212,680188297,6
114000,38,28.37,679090202,671109797,41
233000,34,16.01,190035130,610828970,48
140000,16,18.98,247931686,191826437,5
206000,38,25.93,296584414,455486160,22
127000,5,18.53,512230031,652327732,12
183000,50,29.63,13820288,671109797,8
281000,13,13.92,215043991,231419397,6
197000,31,17.00,520121918,308745128,43
164000,37,17.77,1660525,619240482,8
113000,1,11.69,7406251,652327732,32
245000,1,18.16,665090199,292406435,33
292000,27,20.76,625160647,655207806,36
221000,32,24.94,165748299,463184849,9
101000,40,24.88,534011236,275689005,46
200000,34,18.42,522401801,671109797,19
197000,26,10.72,380804778,466639228,36
117000,27,16.48,49643644,104602674,25
167000,19,10.34,566847334,400630130,41
292000,15,24.69,422576547,213156326,24
190000,3,12.95,769244026,310960861,49
102000,18,10.89,86056246,770321349,1
250000,8,23.11,476269037,671109797,46
141000,37,28.67,624036692,655207806,47
103000,20,23.33,60541061,455486160,25
222000,24,25.14,318427147,610828970,39
214000,1,10.13,235241543,364526254,20
264000,20,27.73,336486777,245693684,11
182000,50,20.77,47426489,463184849,25
262000,5,10.76,625666321,506152189,14
256000,42,25.31,8685995,455486160,13
279000,48,28.11,555621609,213156326,41
198000,4,19.66,312302335,767241620,1
159000,21,26.79,568393153,619240482,35
180000,8,28.63,496448322,563106809,28
275000,32,24.29,217293651,308745128,22
214000,43,11.76,129788241,383085760,24
142000,45,17.43,240067923,141115661,6
171000,50,27.42,286017863,629169382,19
201000,10,12.88,51782634,506152189,15
137000,19,19.90,179127494,647704562,43
291000,21,12.46,627866807,680188297,31
106000,33,21.32,644820262,455486160,13
231000,24,25.54,589025995,652327732,22
271000,39,10.36,226516918,629169382,23
149000,28,18.66,449498884,87662458,41
193000,32,13.59,767017477,671109797,28
195000,12,14.88,569463224,280180893,50
115000,31,15.91,200324085,770321349,38
144000,34,29.52,653288258,765268062,24
189000,49,15.42,62059175,245693684,11
204000,38,24.72,396125865,104602674,21
222000,2,12.78,595476669,770321349,7
128000,32,17.16,357640512,563106809,12
251000,31,26.94,651143031,275689005,48
108000,40,25.99,643687652,506152189,30
272000,14,10.33,768468244,104602674,48
154000,28,13.26,267260432,310960861,30
218000,7,14.68,528500613,579582611,13
161000,12,18.43,602664483,652327732,1
291000,19,14.45,624781232,292406435,6
196000,7,25.04,87763314,310960861,42
247000,36,26.08,111019970,253682063,35
274000,45,15.73,639031125,579582611,7
299000,14,29.02,266330349,770321349,41
240000,3,14.73,697013552,455486160,49
216000,6,19.67,310091929,383085760,50
216000,23,11.85,758016106,680188297,24
117000,35,16.68,621058328,213156326,23
293000,35,18.75,652140623,152095884,15
176000,4,23.57,113704701,766448223,50
183000,22,17.60,312279825,767241620,47
275000,42,29.23,348043337,662019238,9
115000,48,10.60,33586145,275689005,5
189000,21,18.98,550222414,563106809,4
246000,41,26.27,419608489,680188297,7
176000,40,24.46,40281996,104602674,35
177000,34,12.21,456060108,245693684,21
166000,2,20.06,310842294,308745128,21
216000,5,17.57,440761137,655207806,10
169000,9,10.18,566825418,674096786,49
207000,22,21.67,111563820,671109797,31
133000,6,27.25,630014643,662019238,9
292000,32,10.33,771481189,351944800,44
175000,4,21.24,609122922,523070796,26
266000,48,18.44,417708866,245693684,14
123000,43,12.22,551025291,647704562,16
262000,7,17.80,57142961,523070796,32
249000,6,14.62,573808327,455486160,32
273000,22,26.18,368227833,647704562,34
199000,13,27.61,170521997,526900336,30
284000,4,25.83,461174240,337365021,24
169000,2,25.62,331045891,310960861,1
273000,24,16.73,17286000,680188297,9
102000,40,19.10,265327464,466639228,22
188000,29,22.09,687099686,463184849,21
111000,1,21.38,556603095,191826437,32
138000,38,17.04,601672749,629169382,34
191000,47,12.10,589498714,253682063,33
201000,31,22.24,180301604,680188297,46
154000,27,26.90,650019960,674096786,37
242000,44,23.97,564462431,766448223,26
208000,14,26.90,3684155,183741727,44
104000,45,21.14,668013336,253682063,43
187000,16,29.89,296649702,629169382,24
100000,7,17.65,454219023,463184849,49
178000,40,22.31,685075467,466639228,42
162000,46,14.94,609129942,652327732,46
239000,29,15.62,594217819,671109797,6
124000,45,15.62,445920823,364272397,22
235000,4,18.33,446505086,603051353,29
274000,3,17.36,530275660,400630130,41
250000,16,10.48,143113117,104602674,33
282000,14,14.49,344209696,766448223,45
184000,33,12.75,400968735,215219694,23
247000,14,13.49,603189669,523070796,13
283000,49,27.04,690094690,215219694,18
237000,46,12.85,417553511,652327732,15
106000,20,12.66,11402218,292406435,1
123000,4,12.79,618442363,141115661,40
240000,25,11.11,236645287,466639228,26
175000,43,16.53,630606292,152095884,16
214000,17,12.20,386429829,463184849,5
299000,33,15.68,352286618,310960861,39
112000,49,27.15,177442927,308745128,24
248000,40,22.87,407501236,310960861,4
235000,39,12.06,395306833,680188297,11
248000,16,22.03,29403374,400630130,39
180000,10,17.02,174549668,245693684,29
290000,47,23.10,409672447,292406435,32
179000,41,21.57,56767612,579582611,8
281000,5,14.15,308809451,662019238,6
103000,31,28.67,389686564,579582611,37
186000,17,15.35,336018248,303088820,34
254000,26,24.29,21729666,165385726,14
126000,7,10.30,179546731,526900336,50
283000,30,24.60,574248051,455486160,48
263000,38,18.22,223043234,280180893,22
212000,12,21.19,275801930,466639228,15
172000,26,15.27,148968531,579582611,35
108000,6,23.55,559212615,141115661,25
195000,13,12.06,428818507,191826437,49
263000,13,11.18,611502520,275689005,1
240000,4,19.41,284058276,603051353,11
202000,6,16.78,536626351,141115661,13
132000,50,18.57,163468410,183741727,20
200000,16,13.74,568053945,466639228,15
184000,45,29.92,405589079,655207806,43
259000,6,23.66,419688878,364526254,2
245000,32,11.88,299184966,292406435,35
255000,18,19.18,479294215,647704562,47
239000,50,10.08,42541852,303088820,18
206000,28,27.32,440101055,351944800,28
158000,27,29.05,424379129,231419397,40
269000,20,17.46,541342554,603051353,35
202000,39,10.04,196668207,619240482,7
276000,3,23.02,156740643,767241620,19
255000,16,22.60,698034895,303088820,38
284000,30,28.00,433355436,292406435,26
161000,16,24.38,416333884,652327732,18
244000,32,20.00,192329719,292406435,42
108000,15,22.90,546306804,152095884,41
298000,10,10.06,501848641,141115661,45
270000,21,23.88,630076007,383085760,49
164000,47,23.70,44423566,662019238,49
107000,6,13.76,256717082,767241620,20
217000,28,14.22,651327925,215219694,5
252000,32,14.68,568070476,647704562,23
175000,38,18.11,541469076,674096786,49
289000,8,15.55,539277756,191826437,26
249000,18,14.09,643844159,231419397,26
283000,27,19.81,680642430,310960861,32
103000,22,26.16,12824418,563106809,11
180000,15,29.86,326807533,303088820,43
268000,15,28.12,136622031,466639228,2
107000,2,21.14,265390278,364526254,19
104000,33,11.02,428175633,766448223,23
298000,9,28.40,8847663,245693684,30
136000,45,18.36,367801375,765268062,10
233000,3,28.02,455272122,310960861,30
168000,28,15.60,340969561,183741727,6
227000,20,27.26,511607392,432827125,38
216000,12,12.77,8503470,674096786,1
262000,29,19.15,488181968,579582611,6
267000,24,22.43,653267906,563106809,41
207000,37,18.21,699010013,671109797,14
259000,1,22.76,541202940,165385726,27
214000,8,18.35,612157123,152095884,50
154000,32,26.48,530654771,455486160,35
169000,32,22.26,379469688,165385726,37
280000,27,23.42,198680435,671109797,17
158000,21,20.22,524286952,308745128,39
101000,6,24.62,514167134,337365021,50
165000,26,16.96,634860277,183741727,39
215000,47,28.65,497184360,231419397,48
172000,45,11.49,391388521,579582611,27
198000,1,17.90,483529127,337365021,42
172000,12,20.08,574162847,765268062,48
252000,19,29.13,66304625,183741727,43
148000,19,13.10,651166370,87662458,12
273000,38,16.42,617925017,523070796,33
136000,14,14.16,383238220,662019238,9
132000,40,20.70,224373676,523070796,45
180000,10,11.26,140015763,652327732,29
295000,34,22.52,273091512,506152189,13
280000,15,23.59,158096199,253682063,29
161000,47,27.31,87527908,87662458,50
180000,33,18.54,243350713,281128302,27
198000,10,16.85,7544067,213156326,12
116000,33,15.83,493607934,610828970,26
232000,16,24.26,554930209,766448223,47
160000,14,17.46,120260904,619240482,43
183000,17,29.34,263949904,400630130,44
157000,42,23.84,658053117,766448223,39
235000,37,22.29,5481500,141115661,36
227000,41,12.55,402967635,292406435,7
269000,32,22.28,566351859,400630130,43
181000,48,29.86,634016975,463184849,45
139000,31,27.94,324281499,610828970,40
290000,43,28.57,448422922,662019238,50
215000,29,28.73,106727593,506152189,28
209000,4,15.43,305449629,506152189,40
232000,41,21.75,550627498,506152189,14
187000,9,18.73,446021704,152095884,40
230000,11,29.47,469193996,526900336,41
294000,11,17.67,311110573,337365021,42
212000,34,22.66,312342373,141115661,31
255000,19,10.60,428253167,253682063,29
203000,28,15.46,206488670,671109797,39
193000,1,29.39,79285010,191826437,43
124000,8,23.64,557905893,351944800,46
162000,26,14.44,641829740,767241620,42
222000,44,18.83,343561533,351944800,19
288000,43,10.88,503211986,364272397,36
229000,28,12.32,218410761,765268062,22
225000,34,24.59,414217845,191826437,10
192000,36,19.16,587954990,432827125,13
146000,28,20.67,145703673,183741727,42
146000,28,10.54,322483194,629169382,31
176000,44,29.02,607328288,183741727,43
254000,35,20.37,424889497,364526254,37
251000,30,12.93,250063588,87662458,13
144000,3,29.11,355746533,351944800,46
171000,46,21.19,368988867,281128302,28
179000,17,24.00,361019033,655207806,7
176000,14,28.46,338823038,215219694,42
145000,42,21.40,138621453,563106809,5
165000,23,11.60,423330808,303088820,17
218000,46,29.23,148053762,141115661,26
223000,12,15.62,487422670,603051353,4
162000,24,14.71,9220491,674096786,46
232000,8,18.67,541961811,152095884,46
184000,24,19.35,142380802,619240482,20
254000,49,13.75,591541224,231419397,15
153000,40,16.88,40012727,680188297,38
229000,12,16.70,224144393,87662458,37
278000,41,20.34,35261952,351944800,19
219000,22,15.96,689031707,231419397,40
141000,34,25.93,568617029,104602674,32
119000,26,27.98,271669627,770321349,16
248000,7,25.88,650241910,213156326,18
101000,46,28.04,101460163,213156326,45
142000,50,28.33,108147755,647704562,20
292000,45,21.58,767502130,303088820,45
174000,32,10.88,536233460,215219694,34
181000,29,24.02,321169285,619240482,34
114000,1,29.13,372294784,400630130,48
143000,23,27.01,203603421,579582611,42
117000,47,13.24,237682901,458630531,32
129000,27,11.44,1505872,523070796,12
159000,17,13.63,143563143,647704562,23
295000,2,16.55,636446874,364272397,20
193000,35,23.40,648386524,766448223,40
300000,43,12.47,177055709,183741727,18
110000,21,23.47,675140385,432827125,38
172000,12,24.76,243128511,765268062,18
130000,23,11.01,152622800,765268062,33
146000,19,26.79,453718972,506152189,39
239000,34,10.48,425605598,629169382,26
294000,16,28.04,667142462,165385726,33
116000,1,14.77,485225244,680188297,31
191000,4,24.65,89051599,579582611,14
165000,4,26.94,494484361,364272397,36
225000,4,19.93,46907821,104602674,31
108000,44,22.46,756018699,245693684,16
248000,14,20.56,64689736,629169382,23
124000,11,18.03,232535778,215219694,24
145000,48,24.06,90428199,213156326,4
155000,17,19.87,519825745,579582611,14
235000,13,15.92,219086100,652327732,28
243000,39,21.04,643685121,253682063,25
124000,40,18.80,126769770,466639228,48
248000,2,15.70,548242701,603051353,41
236000,1,16.15,419501127,310960861,48
156000,33,17.78,412053591,245693684,36
107000,13,14.44,50460485,674096786,8
277000,42,13.82,72387131,310960861,33
141000,6,25.78,189120163,281128302,40
226000,29,21.79,278361312,364526254,27
261000,14,21.00,177501226,647704562,43
163000,6,21.06,635969132,337365021,34
226000,39,13.36,262496086,364272397,41
283000,12,14.19,574987388,183741727,42
177000,21,22.43,46018310,603051353,9
289000,6,19.56,546549155,655207806,28
238000,15,23.63,267730393,765268062,28
215000,8,27.04,395809371,674096786,49
188000,11,28.08,9260377,364272397,39
188000,39,26.99,58507524,281128302,2
121000,46,23.77,118100723,652327732,28
158000,16,13.88,220168969,652327732,4
159000,47,26.11,253545444,432827125,49
298000,27,15.83,695032854,165385726,32
181000,21,17.84,55849287,351944800,44
256000,7,12.16,605298794,152095884,43
290000,9,17.16,351073785,400630130,31
228000,35,28.82,533481851,619240482,5
175000,41,22.13,578865628,432827125,48
293000,50,22.69,398427510,310960861,41
218000,44,12.31,759012052,351944800,4
170000,19,19.12,695037463,526900336,43
190000,10,28.37,371827428,579582611,37
170000,14,20.44,212558565,280180893,14
232000,38,25.90,6148435,191826437,5
110000,10,21.26,100949198,310960861,34
166000,48,17.36,680767275,671109797,41
116000,31,26.58,231303829,253682063,20
130000,41,10.65,462422265,526900336,28
136000,17,23.79,547662300,455486160,46
240000,8,19.05,426452734,671109797,7
130000,15,26.97,27585437,603051353,10
109000,6,27.49,246933455,383085760,23
118000,20,10.37,264435751,506152189,24
241000,12,12.77,526719474,523070796,10
123000,33,26.59,424326201,183741727,10
110000,25,17.89,411684036,629169382,4
287000,42,24.58,40075811,458630531,10
129000,11,29.27,264909616,765268062,1
119000,45,24.81,46032585,245693684,41
211000,49,14.37,564154475,610828970,34
229000,41,16.26,263750523,523070796,21
227000,25,11.39,130244338,458630531,22
294000,50,15.36,429595871,191826437,4
151000,3,15.18,461669303,292406435,14
284000,38,20.24,304809826,303088820,2
171000,41,16.53,426087495,629169382,8
144000,36,15.31,279420882,432827125,29
117000,7,13.41,503069723,253682063,17
128000,43,11.03,573603652,183741727,10
271000,48,16.15,381045774,563106809,6
248000,50,17.77,90424750,275689005,27
188000,12,10.69,162075792,466639228,22
165000,26,21.96,31765167,458630531,8
146000,1,22.53,99725160,652327732,20
282000,30,15.12,308193600,253682063,29
194000,33,10.64,315428657,275689005,15
123000,42,16.90,275641787,603051353,17
298000,26,17.69,264256997,308745128,7
264000,28,26.32,404988870,280180893,50
287000,20,16.13,406343712,652327732,43
292000,31,16.46,216014125,674096786,41
254000,16,11.92,456587128,466639228,31
218000,28,10.33,90928124,652327732,32
294000,43,13.64,637840285,652327732,38
259000,2,18.06,324035025,523070796,44
266000,15,18.98,610706117,526900336,36
172000,9,13.89,549848871,463184849,37
265000,10,11.32,317829295,526900336,31
145000,2,13.28,540157545,275689005,41
227000,16,10.89,7866149,383085760,37
141000,19,17.70,655162482,526900336,18
222000,37,21.53,466665004,275689005,48
156000,20,15.88,334725051,183741727,49
286000,40,11.34,198346968,655207806,5
268000,1,17.12,210780418,455486160,2
150000,4,12.78,251672126,629169382,50
149000,10,16.96,83104181,141115661,41
205000,42,16.70,321013701,245693684,26
161000,34,11.48,277164649,308745128,37
185000,23,27.66,69102678,281128302,20
265000,5,16.81,329743707,165385726,19
237000,8,16.85,243083736,303088820,37
279000,29,10.77,477886121,655207806,11
114000,49,28.20,330644998,674096786,45
282000,4,18.41,22030858,652327732,50
261000,39,22.03,394421736,458630531,25
293000,12,27.65,566692013,526900336,28
127000,24,26.84,335462382,619240482,5
286000,11,28.74,45585430,674096786,19
198000,15,16.36,339602963,191826437,3
134000,6,11.67,526525032,563106809,32
163000,9,21.72,515225791,671109797,3
282000,34,19.18,641847022,765268062,22
122000,9,26.55,570843567,766448223,2
165000,43,12.62,465416666,680188297,15
218000,10,19.30,475486161,183741727,42
253000,39,29.82,454685030,281128302,12
196000,19,19.13,661094817,610828970,40
260000,19,10.70,587103737,364272397,31
215000,42,16.64,573628799,351944800,20
281000,47,15.46,760012433,767241620,16
156000,23,19.02,403766128,337365021,16
206000,19,27.22,426098907,647704562,10
297000,44,21.22,699014836,432827125,27
107000,3,20.07,670302641,292406435,23
208000,11,20.48,488025857,292406435,31
160000,30,27.26,589607669,337365021,23
207000,35,19.72,206303175,680188297,47
237000,39,15.20,490846232,671109797,16
293000,31,19.62,384803885,652327732,19
140000,44,20.70,339765034,680188297,1
129000,17,13.80,643744468,432827125,41
201000,36,17.32,66784722,671109797,49
198000,17,21.98,590429621,308745128,12
211000,36,13.69,354469812,191826437,20
214000,41,12.49,239228129,183741727,24
197000,2,22.00,23520585,231419397,12
111000,31,22.43,579262220,351944800,21
128000,47,15.20,317404492,523070796,1
113000,43,17.89,342012727,364272397,9
243000,14,15.03,25803811,364272397,41
245000,41,17.20,685099424,563106809,13
111000,13,16.15,461747710,104602674,41
190000,34,20.92,395429513,231419397,26
274000,50,17.78,269881755,215219694,8
144000,34,27.29,240980601,455486160,50
137000,9,19.28,460907389,183741727,5
111000,45,27.99,680560730,191826437,46
278000,5,23.47,157429193,215219694,5
271000,35,29.67,496720399,767241620,44
135000,17,18.04,554364835,652327732,49
239000,35,16.80,636449558,563106809,21
287000,49,14.18,601294002,767241620,38
224000,6,27.49,498928101,463184849,34
299000,30,17.72,339160942,364526254,9
140000,32,24.54,57380298,141115661,7
289000,34,10.50,476464163,292406435,5
226000,17,18.24,274881338,213156326,8
291000,35,15.20,249134091,191826437,19
226000,29,24.95,176400354,603051353,8
112000,38,28.13,247213300,770321349,12
296000,18,17.24,568256608,652327732,10
240000,47,16.80,58740166,652327732,18
118000,29,26.91,56927295,619240482,7
245000,39,11.82,498167029,292406435,1
223000,9,10.09,364424821,629169382,50
140000,21,16.98,138207756,275689005,19
275000,38,13.90,593244858,674096786,20
128000,10,23.22,311349302,463184849,37
214000,8,24.50,411276109,213156326,42
105000,26,18.64,533417754,765268062,37
214000,32,26.13,651108000,281128302,9
130000,5,22.42,267570237,337365021,48
225000,23,12.07,644267286,245693684,13
133000,20,14.88,63562020,767241620,24
287000,13,11.92,428290145,603051353,9
211000,29,28.67,371343057,303088820,50
278000,24,29.91,97743353,629169382,25
215000,35,12.16,156622387,674096786,19
127000,27,11.97,262153073,141115661,23
121000,47,23.21,560443222,191826437,9
171000,1,23.36,209140131,280180893,17
174000,34,28.81,395445946,152095884,11
173000,24,17.08,532502179,506152189,39
210000,47,11.75,387065680,351944800,2
182000,8,17.90,763015352,610828970,31
225000,13,10.78,556032337,87662458,37
108000,33,11.06,208388660,104602674,23
188000,4,27.21,92641744,647704562,7
124000,18,26.74,125481947,767241620,13
253000,8,29.27,379625948,579582611,29
166000,26,29.33,561740068,383085760,36
226000,1,19.62,647367247,655207806,10
154000,11,18.78,347604300,104602674,50
155000,10,20.17,630706633,770321349,49
162000,29,29.92,262775903,563106809,39
158000,33,12.60,571899189,463184849,44
262000,45,18.78,425381789,87662458,38
186000,32,13.21,632820489,647704562,26
185000,1,28.80,585754784,87662458,30
192000,39,12.03,330863512,215219694,8
139000,36,15.15,653169728,231419397,27
109000,19,22.13,525929274,655207806,13
184000,40,29.79,419532556,770321349,10
185000,20,25.20,29059295,87662458,27
144000,37,19.80,212286143,655207806,5
294000,45,12.37,37588591,310960861,11
245000,30,25.11,69946865,280180893,41
200000,40,27.98,317081574,671109797,46
176000,31,19.09,219500019,603051353,21
118000,41,23.95,521286152,603051353,42
140000,35,29.38,687078921,655207806,43
204000,43,27.28,771442326,506152189,23
269000,31,14.85,493326135,579582611,43
185000,45,12.11,399263553,231419397,30
135000,8,25.19,431085565,400630130,36
234000,48,10.28,529392863,280180893,40
154000,49,18.59,446429667,770321349,30
197000,40,10.15,428762948,506152189,1
146000,34,26.49,521037336,767241620,43
115000,33,26.69,668104766,303088820,45
196000,43,22.29,471842374,215219694,8
293000,41,18.32,553858397,87662458,20
128000,13,11.25,383828136,141115661,49
118000,31,24.43,435509925,383085760,26
178000,1,17.29,380083465,104602674,13
217000,28,19.99,126606580,652327732,29
251000,34,25.50,374296719,191826437,26
299000,13,26.77,347582049,141115661,46
229000,40,28.32,631289284,619240482,12
194000,47,16.32,306013205,662019238,2
104000,45,11.69,682094972,364272397,48
294000,34,13.95,413981522,629169382,44
132000,50,27.27,628801121,337365021,8
128000,50,22.88,238354484,563106809,40
215000,11,29.00,652326556,432827125,41
248000,23,13.91,530416555,455486160,20
253000,13,26.96,518680185,215219694,25
217000,20,16.84,273033417,245693684,28
144000,6,11.81,768142151,671109797,20
247000,10,22.49,101363856,629169382,18
262000,17,23.90,161749456,619240482,16
270000,39,16.45,490288889,364272397,8
138000,44,11.94,342783634,87662458,49
157000,32,26.03,373561369,563106809,45
249000,13,13.21,645022115,770321349,9
179000,4,12.12,556200067,526900336,39
287000,48,22.55,679050765,364272397,43
237000,18,23.11,265972861,280180893,11
114000,42,28.49,430205028,303088820,15
238000,32,14.03,678019348,432827125,39
137000,5,23.08,270189569,281128302,14
205000,26,19.11,6305311,563106809,10
293000,10,10.58,439188821,770321349,14
232000,12,18.11,479520243,506152189,28
248000,39,21.97,559760626,231419397,9
107000,24,19.65,24169706,629169382,36
217000,11,22.61,347229513,674096786,31
250000,40,23.69,621409095,526900336,4
260000,4,29.07,8269948,183741727,37
230000,41,20.75,297642907,213156326,43
178000,22,12.30,215355116,215219694,49
240000,29,13.52,293489007,351944800,14
101000,39,27.31,513085430,603051353,45
257000,28,15.36,274065982,165385726,41
300000,27,26.58,233969329,629169382,5
157000,19,14.06,459653616,281128302,12
114000,4,25.47,103058638,303088820,36
284000,26,24.16,267442632,310960861,30
163000,10,27.29,198780928,458630531,33
181000,17,29.80,4025880,466639228,9
198000,15,24.82,467682142,281128302,42
155000,11,21.43,502866911,165385726,48
132000,7,17.38,163102519,400630130,18
145000,23,22.46,19364306,629169382,38
123000,45,24.74,771467434,455486160,9
121000,37,15.38,234621306,87662458,47
170000,6,14.60,301860418,563106809,13
260000,46,28.16,620075970,674096786,15
170000,4,14.45,417109800,619240482,23
272000,40,22.25,5383262,292406435,37
278000,22,10.80,464964627,275689005,12
161000,22,23.46,427407624,563106809,41
121000,27,28.26,152094391,275689005,26
237000,15,15.84,180406492,680188297,15
110000,10,22.91,447349801,766448223,25
228000,39,16.39,433553882,466639228,8
263000,24,20.42,152848762,308745128,39
196000,22,17.34,244685141,765268062,25
242000,10,21.67,234847585,619240482,21
139000,29,19.55,519044581,455486160,32
298000,42,18.77,332780725,463184849,49
152000,26,24.82,358240479,213156326,30
293000,32,29.46,458477482,766448223,31
159000,43,12.80,385722237,463184849,5
281000,49,11.20,644123301,647704562,39
201000,2,17.57,587493496,610828970,33
222000,5,26.68,568087075,523070796,43
180000,22,13.22,533704279,337365021,2
137000,21,10.20,600455762,152095884,9
109000,1,18.24,12503379,351944800,18
191000,28,23.25,134247975,215219694,31
277000,4,17.73,155741149,310960861,37
180000,39,24.47,349485368,766448223,7
110000,11,26.26,460311702,281128302,43
189000,24,26.08,313321692,458630531,49
251000,43,16.26,405748136,351944800,3
257000,30,24.63,500608969,662019238,39
238000,20,12.76,554503752,364526254,3
200000,48,24.92,637167556,655207806,19
208000,40,18.16,389665887,245693684,50
204000,4,24.07,654036988,191826437,36
155000,14,16.64,615267599,245693684,38
216000,15,11.47,460616764,506152189,9
284000,18,19.61,612929039,104602674,38
120000,12,26.52,170222641,463184849,28
228000,24,19.81,476743349,310960861,39
158000,4,14.29,417786934,655207806,44
253000,44,27.16,318681425,466639228,22
172000,24,29.01,356965154,579582611,11
104000,43,22.16,405645857,662019238,31
225000,7,21.19,298926415,619240482,39
101000,1,26.44,650206736,652327732,1
177000,13,24.73,315219229,652327732,47
233000,27,18.88,255377846,432827125,31
292000,13,11.67,383058875,351944800,41
164000,19,18.05,456715646,579582611,16
289000,39,13.09,452724617,455486160,16
124000,23,25.25,224943571,603051353,44
230000,43,10.10,400464008,655207806,24
236000,6,23.90,369662970,629169382,11
268000,8,23.29,392482020,191826437,1
151000,13,19.07,542159161,770321349,46
256000,49,19.67,279287986,770321349,9
166000,32,10.56,509025169,563106809,16
125000,20,15.47,479969173,364526254,27
258000,2,10.83,474847605,579582611,43
114000,9,11.76,463328338,231419397,12
235000,18,19.02,526887153,680188297,37
175000,21,22.91,156767042,506152189,12
142000,29,23.90,592029323,526900336,7
227000,4,10.57,495702136,231419397,12
289000,25,22.60,509086452,506152189,27
197000,30,12.27,587426316,383085760,33
193000,46,14.55,18606271,104602674,45
256000,48,16.10,281062492,87662458,30
125000,1,10.18,442880772,506152189,49
206000,10,21.02,348442211,303088820,16
247000,17,26.07,154229960,767241620,43
136000,48,24.40,178600381,364272397,25
136000,3,17.49,170662474,308745128,26
256000,5,29.53,445588383,647704562,16
170000,28,15.22,279166004,579582611,40
286000,41,17.21,365337271,351944800,25
203000,7,23.59,556734137,383085760,9
154000,8,16.74,214283972,364526254,31
282000,46,19.39,368741086,400630130,17
239000,14,27.70,157010809,458630531,35
235000,12,15.84,17543495,383085760,32
283000,9,29.36,383623850,292406435,4
294000,43,28.44,456093660,191826437,12
126000,12,16.20,572275993,231419397,29
265000,44,20.13,683054376,523070796,3
235000,5,12.61,455909692,767241620,50
100000,19,22.03,142624901,458630531,20
181000,24,12.66,217594556,619240482,9
153000,40,26.64,695015159,766448223,20
126000,9,22.49,244303374,680188297,17
264000,27,21.93,144058299,766448223,14
123000,41,27.68,590272610,275689005,5
115000,18,24.81,541690594,629169382,33
168000,10,19.95,41091322,652327732,17
188000,36,13.54,618457599,655207806,22
274000,29,18.66,308469770,610828970,18
292000,39,22.20,364649427,671109797,50
158000,25,20.20,475485927,523070796,2
193000,9,17.60,3249355,308745128,11
217000,20,24.86,526507462,165385726,42
180000,15,21.24,653289058,767241620,28
270000,33,16.42,82764964,766448223,25
293000,26,20.32,381501574,165385726,35
273000,47,26.73,280781593,215219694,30
137000,10,20.71,515186657,191826437,5
267000,18,24.82,556213567,310960861,39
107000,9,25.54,298482325,280180893,48
111000,20,11.85,492985577,770321349,49
285000,6,23.36,601836080,253682063,21
299000,39,25.33,635767021,655207806,5
235000,14,20.27,417642141,526900336,11
217000,39,17.33,137864965,215219694,43
241000,46,15.02,9747125,458630531,24
140000,45,16.51,295115440,213156326,3
210000,42,23.99,533160419,281128302,31
289000,10,19.75,179281744,231419397,44
264000,10,16.70,760019501,383085760,17
129000,11,16.38,571876941,647704562,41
226000,27,21.42,425650023,647704562,46
127000,43,14.98,651015947,310960861,9
126000,41,17.21,640341066,765268062,26
205000,45,21.93,504018182,766448223,46
215000,33,17.58,557112922,506152189,16
245000,1,30.00,162039781,165385726,48
208000,15,11.49,299386319,455486160,2
285000,18,20.77,390269903,364526254,50
249000,29,20.50,674144559,766448223,36
216000,28,23.01,305257917,671109797,1
192000,44,12.73,546717115,770321349,16
268000,27,22.70,272243380,662019238,43
184000,3,16.65,246930909,766448223,28
186000,42,26.73,394051134,526900336,39
111000,47,14.54,76860772,292406435,42
174000,12,22.10,639966550,152095884,39
173000,37,13.52,535076545,674096786,23
175000,2,23.24,768092644,652327732,29
175000,43,27.57,627547141,104602674,17
275000,17,28.24,765540021,506152189,33
205000,29,11.62,225327929,191826437,46
206000,34,21.70,451625728,662019238,4
118000,24,18.39,679105576,152095884,21
126000,11,22.45,758013114,579582611,17
121000,40,10.08,378224500,275689005,6
199000,31,19.75,505144039,364272397,42
228000,41,29.63,392762762,432827125,1
290000,43,25.10,518706021,152095884,32
215000,11,18.94,681054769,523070796,5
190000,19,11.46,459956272,455486160,29
280000,47,16.10,608427771,281128302,48
227000,26,17.92,305467070,364272397,46
255000,8,21.31,312381680,432827125,33
155000,22,23.31,42107295,655207806,17
167000,19,18.69,288031336,245693684,22
169000,42,20.71,281263793,231419397,24
231000,13,13.47,639545797,141115661,4
208000,26,13.84,613764449,647704562,4
134000,14,24.02,589102422,463184849,11
158000,8,26.18,2726231,563106809,4
193000,13,13.06,468081066,383085760,28
185000,8,26.42,111248736,463184849,15
170000,34,28.31,352883507,308745128,30
233000,46,26.75,668010314,191826437,46
200000,6,18.42,762017831,629169382,31
295000,37,25.46,484647513,619240482,35
232000,4,13.54,344921299,526900336,48
154000,41,20.54,288328582,275689005,25
260000,7,24.64,500542883,652327732,40
221000,11,22.96,611239337,104602674,21
182000,21,14.37,482187065,141115661,37
129000,43,25.90,393010987,141115661,4
115000,21,22.84,647249291,579582611,38
154000,31,18.01,679077629,603051353,36
106000,8,17.19,159665215,579582611,42
194000,41,14.56,531519904,455486160,3
175000,46,22.53,403300620,563106809,49
126000,44,22.09,229185742,432827125,49
101000,48,27.53,89947518,191826437,4
262000,40,29.37,365482498,647704562,42
289000,18,18.82,317723039,281128302,38
178000,49,12.82,543605749,671109797,15
221000,28,13.53,362017372,655207806,46
194000,16,26.13,318182488,183741727,45
105000,38,18.21,607381652,765268062,11
108000,49,18.25,428875948,766448223,36
217000,30,10.70,64705081,280180893,43
149000,29,22.96,376646531,458630531,22
254000,35,11.94,49928194,674096786,17
149000,34,10.21,375181274,770321349,8
260000,19,21.23,760016511,310960861,8
290000,8,15.20,453748896,213156326,39
117000,35,14.65,625290157,680188297,13
294000,37,15.84,518393834,674096786,18
135000,30,13.15,154362991,766448223,1
201000,5,21.21,439118650,152095884,13
,,,,,
,,,,,
,,,,,
,,,,,
,,,,,
,,,,,
,,,,,
,,,,,
,,,,,
,,,,,
,,,,,
,,,,,
,,,,,
,,,,,
,,,,,
,,,,,
,,,,,
,,,,,
,,,,,
,,,,,
,,,,,
,,,,,
,,,,,
,,,,,
,,,,,
,,,,,
,,,,,
,,,,,
,,,,,
,,,,,
,,,,,
,,,,,
,,,,,
,,,,,
,,,,,
,,,,,
,,,,,
,,,,,
,,,,,
,,,,,
,,,,,
,,,,,
,,,,,
,,,,,
,,,,,
,,,,,
,,,,,
,,,,,
,,,,,
,,,,,
,,,,,
,,,,,
,,,,,
,,,,,
,,,,,
,,,,,
,,,,,
,,,,,
,,,,,
,,,,,
,,,,,
,,,,,
,,,,,
,,,,,
,,,,,
,,,,,
,,,,,
,,,,,
,,,,,
,,,,,
,,,,,
,,,,,
,,,,,
,,,,,
,,,,,
,,,,,
,,,,,
,,,,,
,,,,,
,,,,,
,,,,,
,,,,,
,,,,,
,,,,,
,,,,,
,,,,,
,,,,,
,,,,,
,,,,,
,,,,,
,,,,,
,,,,,
,,,,,
,,,,,
,,,,,
,,,,,
,,,,,
,,,,,
,,,,,
,,,,,
,,,,,
,,,,,
,,,,,
,,,,,
,,,,,
,,,,,
,,,,,
,,,,,
,,,,,
,,,,,
,,,,,
,,,,,
,,,,,
,,,,,
,,,,,
,,,,,
,,,,,
,,,,,
,,,,,
,,,,,
,,,,,
,,,,,
,,,,,
,,,,,
,,,,,
,,,,,
,,,,,
,,,,,
,,,,,
,,,,,
,,,,,
,,,,,
,,,,,
,,,,,
,,,,,
,,,,,
,,,,,
,,,,,
,,,,,
,,,,,
,,,,,
,,,,,
,,,,,
,,,,,
,,,,,
,,,,,
,,,,,
,,,,,
,,,,,
,,,,,
,,,,,
,,,,,
,,,,,
,,,,,
,,,,,
,,,,,
,,,,,
,,,,,
,,,,,
,,,,,
,,,,,
,,,,,
,,,,,
,,,,,
,,,,,
,,,,,
,,,,,
,,,,,
,,,,,
,,,,,
,,,,,
,,,,,
,,,,,
,,,,,
,,,,,
,,,,,
,,,,,
,,,,,
,,,,,
,,,,,
,,,,,
,,,,,
,,,,,
,,,,,
,,,,,
,,,,,
,,,,,
,,,,,
,,,,,
,,,,,
,,,,,
,,,,,
,,,,,
,,,,,
,,,,,
,,,,,
,,,,,
,,,,,
,,,,,
,,,,,
,,,,,
,,,,,
,,,,,
,,,,,
,,,,,
,,,,,
,,,,,
,,,,,
,,,,,
,,,,,
,,,,,
,,,,,
,,,,,
,,,,,
,,,,,
,,,,,
,,,,,
,,,,,
,,,,,
,,,,,
,,,,,
,,,,,
,,,,,
,,,,,
,,,,,
,,,,,
,,,,,
,,,,,
,,,,,
,,,,,
,,,,,
,,,,,
,,,,,
,,,,,
,,,,,
,,,,,
,,,,,
,,,,,
,,,,,
,,,,,
,,,,,
,,,,,
,,,,,
,,,,,
,,,,,
,,,,,
,,,,,
,,,,,
,,,,,
,,,,,
,,,,,
,,,,,
,,,,,
,,,,,
,,,,,
,,,,,
,,,,,
,,,,,
,,,,,
,,,,,
,,,,,
,,,,,
,,,,,
,,,,,
,,,,,
,,,,,
,,,,,
,,,,,
,,,,,
,,,,,
,,,,,
,,,,,
,,,,,
,,,,,
,,,,,
,,,,,
,,,,,
,,,,,
,,,,,
,,,,,
,,,,,
,,,,,
,,,,,
,,,,,
,,,,,
,,,,,
,,,,,
,,,,,
,,,,,
,,,,,
,,,,,
,,,,,
,,,,,
,,,,,
,,,,,
,,,,,
,,,,,
,,,,,
,,,,,
,,,,,
,,,,,
,,,,,
,,,,,
,,,,,
,,,,,
,,,,,
,,,,,
,,,,,
,,,,,
,,,,,
,,,,,
,,,,,
,,,,,
,,,,,
,,,,,
,,,,,
,,,,,
,,,,,
,,,,,
,,,,,
,,,,,
,,,,,
,,,,,
,,,,,
,,,,,
,,,,,
,,,,,
,,,,,
,,,,,
,,,,,
,,,,,
,,,,,
,,,,,
,,,,,
,,,,,
,,,,,
,,,,,
,,,,,
,,,,,
,,,,,
,,,,,
,,,,,
,,,,,
,,,,,
,,,,,
,,,,,
,,,,,
,,,,,
,,,,,
,,,,,
,,,,,
,,,,,
,,,,,
,,,,,
,,,,,
,,,,,
,,,,,
,,,,,
,,,,,
,,,,,
,,,,,
,,,,,
,,,,,
,,,,,
,,,,,
,,,,,
,,,,,
,,,,,
,,,,,
,,,,,
,,,,,
,,,,,
,,,,,
,,,,,
,,,,,
,,,,,
,,,,,
,,,,,
,,,,,
,,,,,
,,,,,
,,,,,
,,,,,
,,,,,
,,,,,
,,,,,
,,,,,
,,,,,
,,,,,
,,,,,
,,,,,
,,,,,
,,,,,
,,,,,
,,,,,
,,,,,
,,,,,
,,,,,
,,,,,
,,,,,
,,,,,
,,,,,
,,,,,
,,,,,
,,,,,
,,,,,
,,,,,
,,,,,
,,,,,
,,,,,
,,,,,
,,,,,
,,,,,
,,,,,
,,,,,
,,,,,
,,,,,
,,,,,
,,,,,
,,,,,
,,,,,
,,,,,
,,,,,
,,,,,
,,,,,
,,,,,
,,,,,
,,,,,
,,,,,
,,,,,
,,,,,
,,,,,
,,,,,
,,,,,
,,,,,
,,,,,
,,,,,
,,,,,
,,,,,
,,,,,
,,,,,
,,,,,
,,,,,
,,,,,
,,,,,
,,,,,
,,,,,
,,,,,
,,,,,
,,,,,
,,,,,
,,,,,
,,,,,
,,,,,
,,,,,
,,,,,
,,,,,
,,,,,
,,,,,
,,,,,
,,,,,
,,,,,
,,,,,
,,,,,
,,,,,
,,,,,
,,,,,
,,,,,
,,,,,
,,,,,
,,,,,
,,,,,
,,,,,
,,,,,
,,,,,
,,,,,
,,,,,
,,,,,
,,,,,
,,,,,
,,,,,
,,,,,
,,,,,
,,,,,
,,,,,
,,,,,
,,,,,
,,,,,
,,,,,
,,,,,
,,,,,
,,,,,
,,,,,
,,,,,
,,,,,
,,,,,
,,,,,
,,,,,
,,,,,
,,,,,
,,,,,
,,,,,
,,,,,
,,,,,
,,,,,
,,,,,
,,,,,
,,,,,
,,,,,
,,,,,
,,,,,
,,,,,
,,,,,
,,,,,
,,,,,
,,,,,
,,,,,
,,,,,
,,,,,
,,,,,
,,,,,
,,,,,
,,,,,
,,,,,
,,,,,
,,,,,
,,,,,
,,,,,
,,,,,
,,,,,
,,,,,
,,,,,
,,,,,
,,,,,
,,,,,
,,,,,
,,,,,
,,,,,
,,,,,
,,,,,
,,,,,
,,,,,
,,,,,
,,,,,
,,,,,
,,,,,
,,,,,
,,,,,
,,,,,
,,,,,
,,,,,
,,,,,
,,,,,
,,,,,
,,,,,
,,,,,
,,,,,
,,,,,
,,,,,
,,,,,
,,,,,
,,,,,
,,,,,
,,,,,
,,,,,
,,,,,
,,,,,
,,,,,
,,,,,
,,,,,
,,,,,
,,,,,
,,,,,
,,,,,
,,,,,
,,,,,
,,,,,
,,,,,
,,,,,
,,,,,
,,,,,
,,,,,
,,,,,
,,,,,
,,,,,
,,,,,
,,,,,
,,,,,
,,,,,
,,,,,
,,,,,
,,,,,
,,,,,
,,,,,
,,,,,
,,,,,
,,,,,
,,,,,
,,,,,
,,,,,
,,,,,
,,,,,
,,,,,
,,,,,
,,,,,
,,,,,
,,,,,
,,,,,
,,,,,
,,,,,
,,,,,
,,,,,
,,,,,
,,,,,
,,,,,
,,,,,
,,,,,
,,,,,
,,,,,
,,,,,
,,,,,
,,,,,
,,,,,
,,,,,
,,,,,
,,,,,
,,,,,
,,,,,
,,,,,
,,,,,
,,,,,
,,,,,
,,,,,
,,,,,
,,,,,
,,,,,
,,,,,
,,,,,
,,,,,
,,,,,
,,,,,
,,,,,
,,,,,
,,,,,
,,,,,
,,,,,
,,,,,
,,,,,
,,,,,
,,,,,
,,,,,
,,,,,
,,,,,
,,,,,
,,,,,
,,,,,
,,,,,
,,,,,
,,,,,
,,,,,
,,,,,
,,,,,
,,,,,
,,,,,
,,,,,
,,,,,
,,,,,
,,,,,
,,,,,
,,,,,
,,,,,
,,,,,
,,,,,
,,,,,
,,,,,
,,,,,
,,,,,
,,,,,
,,,,,
,,,,,
,,,,,
,,,,,
,,,,,
,,,,,
,,,,,
,,,,,
,,,,,
,,,,,
,,,,,
,,,,,
,,,,,
,,,,,
,,,,,
,,,,,
,,,,,
,,,,,
,,,,,
,,,,,
,,,,,
,,,,,
,,,,,
,,,,,
,,,,,
,,,,,
,,,,,
,,,,,
,,,,,
,,,,,
,,,,,
,,,,,
,,,,,
,,,,,
,,,,,
,,,,,
,,,,,
,,,,,
,,,,,
,,,,,
,,,,,
,,,,,
,,,,,
,,,,,
,,,,,
,,,,,
,,,,,
,,,,,
,,,,,
,,,,,
,,,,,
,,,,,
,,,,,
,,,,,
,,,,,
,,,,,
,,,,,
,,,,,
,,,,,
,,,,,
,,,,,
,,,,,
,,,,,
,,,,,
,,,,,
,,,,,
,,,,,
,,,,,
,,,,,
,,,,,
,,,,,
,,,,,
,,,,,
,,,,,
,,,,,
,,,,,
,,,,,
,,,,,
,,,,,
,,,,,
,,,,,
,,,,,
,,,,,
,,,,,
,,,,,
,,,,,
,,,,,
,,,,,
,,,,,
,,,,,
,,,,,
,,,,,
,,,,,
,,,,,
,,,,,
,,,,,
,,,,,
,,,,,
,,,,,
,,,,,
,,,,,
,,,,,
,,,,,
,,,,,
,,,,,
,,,,,
,,,,,
,,,,,
,,,,,
,,,,,
,,,,,
,,,,,
,,,,,
,,,,,
,,,,,
,,,,,
,,,,,
,,,,,
,,,,,
,,,,,
,,,,,
,,,,,
,,,,,
,,,,,
,,,,,
,,,,,
,,,,,
,,,,,
,,,,,
,,,,,
,,,,,
,,,,,
,,,,,
,,,,,
,,,,,
,,,,,
,,,,,
,,,,,
,,,,,
,,,,,
,,,,,
,,,,,
,,,,,
,,,,,
,,,,,
,,,,,
,,,,,
,,,,,
,,,,,
,,,,,
,,,,,
,,,,,
,,,,,
,,,,,
,,,,,
,,,,,
,,,,,
,,,,,
,,,,,
,,,,,
,,,,,
,,,,,
,,,,,
,,,,,
,,,,,
,,,,,
,,,,,
,,,,,
,,,,,
,,,,,
,,,,,
,,,,,
,,,,,
,,,,,
,,,,,
,,,,,
,,,,,
,,,,,
,,,,,
,,,,,
,,,,,
,,,,,
,,,,,
,,,,,
,,,,,
,,,,,
,,,,,
,,,,,
,,,,,
,,,,,
,,,,,
,,,,,
,,,,,
,,,,,
,,,,,
,,,,,
,,,,,
,,,,,
,,,,,
,,,,,
,,,,,
,,,,,
,,,,,
,,,,,
,,,,,
,,,,,
,,,,,
,,,,,
,,,,,
,,,,,
,,,,,
,,,,,
,,,,,
,,,,,
,,,,,
,,,,,
,,,,,
,,,,,
,,,,,
,,,,,
,,,,,
,,,,,
,,,,,
,,,,,
,,,,,
,,,,,
,,,,,
,,,,,
,,,,,
,,,,,
,,,,,
,,,,,
,,,,,
,,,,,
,,,,,
,,,,,
,,,,,
,,,,,
,,,,,
,,,,,
,,,,,
,,,,,
,,,,,
,,,,,
,,,,,
,,,,,
,,,,,
,,,,,
,,,,,
,,,,,
,,,,,
,,,,,
,,,,,
,,,,,
,,,,,
,,,,,
,,,,,
,,,,,
,,,,,
,,,,,
,,,,,
,,,,,
,,,,,
,,,,,
,,,,,
,,,,,
,,,,,
,,,,,
,,,,,
,,,,,
,,,,,
,,,,,
,,,,,
,,,,,
,,,,,
,,,,,
,,,,,
,,,,,
,,,,,
,,,,,
,,,,,
,,,,,
,,,,,
,,,,,
,,,,,
,,,,,
,,,,,
,,,,,
,,,,,
,,,,,
,,,,,
,,,,,
,,,,,
,,,,,
,,,,,
,,,,,
,,,,,
,,,,,
,,,,,
,,,,,
,,,,,
,,,,,
,,,,,
,,,,,
,,,,,
,,,,,
,,,,,
,,,,,
,,,,,
,,,,,
,,,,,
,,,,,
,,,,,
,,,,,
,,,,,
,,,,,
,,,,,
,,,,,
,,,,,
,,,,,
,,,,,
,,,,,
,,,,,
,,,,,
,,,,,
,,,,,
,,,,,
,,,,,
,,,,,
,,,,,
,,,,,
,,,,,
,,,,,
,,,,,
,,,,,
,,,,,
,,,,,
,,,,,
,,,,,
,,,,,
,,,,,
,,,,,
,,,,,
,,,,,
,,,,,
,,,,,
,,,,,
,,,,,
,,,,,
,,,,,
,,,,,
,,,,,
,,,,,
,,,,,
,,,,,
,,,,,
,,,,,
,,,,,
,,,,,
,,,,,
,,,,,
,,,,,
,,,,,
,,,,,
,,,,,
,,,,,
,,,,,
,,,,,
,,,,,
,,,,,
,,,,,
,,,,,
,,,,,
,,,,,
,,,,,
,,,,,
,,,,,
,,,,,
,,,,,
,,,,,
,,,,,
,,,,,
,,,,,
,,,,,
,,,,,
,,,,,
,,,,,
,,,,,
,,,,,
,,,,,
,,,,,
,,,,,
,,,,,
,,,,,
,,,,,
,,,,,
,,,,,
,,,,,
,,,,,
,,,,,
,,,,,
,,,,,
,,,,,
,,,,,
,,,,,
,,,,,
,,,,,
,,,,,
,,,,,
,,,,,
,,,,,
,,,,,
,,,,,
,,,,,
,,,,,
,,,,,
,,,,,
,,,,,
,,,,,
,,,,,
,,,,,
,,,,,
,,,,,
,,,,,
,,,,,
,,,,,
,,,,,
,,,,,
,,,,,
,,,,,
,,,,,
,,,,,
,,,,,
,,,,,
,,,,,
,,,,,
,,,,,
,,,,,
,,,,,
,,,,,
,,,,,
,,,,,
,,,,,
,,,,,
,,,,,
,,,,,
,,,,,
,,,,,
,,,,,
,,,,,
,,,,,
,,,,,
,,,,,
,,,,,
,,,,,
,,,,,
,,,,,
,,,,,
,,,,,
,,,,,
,,,,,
,,,,,
,,,,,
,,,,,
,,,,,
,,,,,
,,,,,
,,,,,
,,,,,
,,,,,
,,,,,
,,,,,
,,,,,
,,,,,
,,,,,
,,,,,
,,,,,
,,,,,
,,,,,
,,,,,
,,,,,
,,,,,
,,,,,
,,,,,
,,,,,
,,,,,
,,,,,
,,,,,
,,,,,
,,,,,
,,,,,
,,,,,
,,,,,
,,,,,
,,,,,
,,,,,
,,,,,
,,,,,
,,,,,
,,,,,
,,,,,
,,,,,
,,,,,
,,,,,
,,,,,
,,,,,
,,,,,
,,,,,
,,,,,
,,,,,
,,,,,
,,,,,
,,,,,
,,,,,
,,,,,
,,,,,
,,,,,
,,,,,
,,,,,
,,,,,
,,,,,
,,,,,
,,,,,
,,,,,
,,,,,
,,,,,
,,,,,
,,,,,
,,,,,
,,,,,
,,,,,
,,,,,
,,,,,
,,,,,
,,,,,
,,,,,
,,,,,
,,,,,
,,,,,
,,,,,
,,,,,
,,,,,
,,,,,
,,,,,
,,,,,
,,,,,
,,,,,
,,,,,
,,,,,
,,,,,
,,,,,
,,,,,
,,,,,
,,,,,
,,,,,
,,,,,
,,,,,
,,,,,
,,,,,
,,,,,
,,,,,
,,,,,
,,,,,
,,,,,
,,,,,
,,,,,
,,,,,
,,,,,
,,,,,
,,,,,
,,,,,
,,,,,
,,,,,
,,,,,
,,,,,
,,,,,
,,,,,
,,,,,
,,,,,
,,,,,
,,,,,
,,,,,
,,,,,
,,,,,
,,,,,
,,,,,
,,,,,
,,,,,
,,,,,
,,,,,
,,,,,
,,,,,
,,,,,
,,,,,
,,,,,
,,,,,
,,,,,
,,,,,
,,,,,
,,,,,
,,,,,
,,,,,
,,,,,
,,,,,
,,,,,
,,,,,
,,,,,
,,,,,
,,,,,
,,,,,
,,,,,
,,,,,
,,,,,
,,,,,
,,,,,
,,,,,
,,,,,
,,,,,
,,,,,
,,,,,
,,,,,
,,,,,
,,,,,
,,,,,
,,,,,
,,,,,
,,,,,
,,,,,
,,,,,
,,,,,
,,,,,
,,,,,
,,,,,
,,,,,
,,,,,
,,,,,
,,,,,
,,,,,
,,,,,
,,,,,
,,,,,
,,,,,
,,,,,
,,,,,
,,,,,
,,,,,
,,,,,
,,,,,
,,,,,
,,,,,
,,,,,
,,,,,
,,,,,
,,,,,
,,,,,
,,,,,
,,,,,
,,,,,
,,,,,
,,,,,
,,,,,
,,,,,
,,,,,
,,,,,
,,,,,
,,,,,
,,,,,
,,,,,
,,,,,
,,,,,
,,,,,
,,,,,
,,,,,
,,,,,
,,,,,
,,,,,
,,,,,
,,,,,
,,,,,
,,,,,
,,,,,
,,,,,
,,,,,
,,,,,
,,,,,
,,,,,
,,,,,
,,,,,
,,,,,
,,,,,
,,,,,
,,,,,
,,,,,
,,,,,
,,,,,
,,,,,
,,,,,
,,,,,
,,,,,
,,,,,
,,,,,
,,,,,
,,,,,
,,,,,
,,,,,
,,,,,
,,,,,
,,,,,
,,,,,
,,,,,
,,,,,
,,,,,
,,,,,
,,,,,
,,,,,
,,,,,
,,,,,
,,,,,
,,,,,
,,,,,
,,,,,
,,,,,
,,,,,
,,,,,
,,,,,
,,,,,
,,,,,
,,,,,
,,,,,
,,,,,
,,,,,
,,,,,
,,,,,
,,,,,
,,,,,
,,,,,
,,,,,
,,,,,
,,,,,
,,,,,
,,,,,
,,,,,
,,,,,
,,,,,
,,,,,
,,,,,
,,,,,
,,,,,
,,,,,
,,,,,
,,,,,
,,,,,
,,,,,
,,,,,
,,,,,
,,,,,
,,,,,
,,,,,
,,,,,
,,,,,
,,,,,
,,,,,
,,,,,
,,,,,
,,,,,
,,,,,
,,,,,
,,,,,
,,,,,
,,,,,
,,,,,
,,,,,
,,,,,
,,,,,
,,,,,
,,,,,
,,,,,
,,,,,
,,,,,
,,,,,
,,,,,
,,,,,
,,,,,
,,,,,
,,,,,
,,,,,
,,,,,
,,,,,
,,,,,
,,,,,
,,,,,
,,,,,
,,,,,
,,,,,
,,,,,
,,,,,
,,,,,
,,,,,
,,,,,
,,,,,
,,,,,
,,,,,
,,,,,
,,,,,
,,,,,
,,,,,
,,,,,
,,,,,
,,,,,
,,,,,
,,,,,
,,,,,
,,,,,
,,,,,
,,,,,
,,,,,
,,,,,
,,,,,
,,,,,
,,,,,
,,,,,
,,,,,
,,,,,
,,,,,
,,,,,
,,,,,
,,,,,
,,,,,
,,,,,
,,,,,
,,,,,
,,,,,
,,,,,
,,,,,
,,,,,
,,,,,
,,,,,
,,,,,
,,,,,
,,,,,
,,,,,
,,,,,
,,,,,
,,,,,
,,,,,
,,,,,
,,,,,
,,,,,
,,,,,
,,,,,
,,,,,
,,,,,
,,,,,
,,,,,
,,,,,
,,,,,
,,,,,
,,,,,
,,,,,
,,,,,
,,,,,
,,,,,
,,,,,
,,,,,
,,,,,
,,,,,
,,,,,
,,,,,
,,,,,
,,,,,
,,,,,
,,,,,
,,,,,
,,,,,
,,,,,
,,,,,
,,,,,
,,,,,
,,,,,
,,,,,
,,,,,
,,,,,
,,,,,
,,,,,
,,,,,
,,,,,
,,,,,
,,,,,
,,,,,
,,,,,
,,,,,
,,,,,
,,,,,
,,,,,
,,,,,
,,,,,
,,,,,
,,,,,
,,,,,
,,,,,
,,,,,
,,,,,
,,,,,
,,,,,
,,,,,
,,,,,
,,,,,
,,,,,
,,,,,
,,,,,
,,,,,
,,,,,
,,,,,
,,,,,
,,,,,
,,,,,
,,,,,
,,,,,
,,,,,
,,,,,
,,,,,
,,,,,
,,,,,
,,,,,
,,,,,
,,,,,
,,,,,
,,,,,
,,,,,
,,,,,
,,,,,
,,,,,
,,,,,
,,,,,
,,,,,
,,,,,
,,,,,
,,,,,
,,,,,
,,,,,
,,,,,
,,,,,
,,,,,
,,,,,
,,,,,
,,,,,
,,,,,
,,,,,
,,,,,
,,,,,
,,,,,
,,,,,
,,,,,
,,,,,
,,,,,
,,,,,
,,,,,
,,,,,
,,,,,
,,,,,
,,,,,
,,,,,
,,,,,
,,,,,
,,,,,
,,,,,
,,,,,
,,,,,
,,,,,
,,,,,
,,,,,
,,,,,
,,,,,
,,,,,
,,,,,
,,,,,
,,,,,
,,,,,
,,,,,
,,,,,
,,,,,
,,,,,
,,,,,
,,,,,
,,,,,
,,,,,
,,,,,
,,,,,
,,,,,
,,,,,
,,,,,
,,,,,
,,,,,
,,,,,
,,,,,
,,,,,
,,,,,
,,,,,
,,,,,
,,,,,
,,,,,
,,,,,
,,,,,
,,,,,
,,,,,
,,,,,
,,,,,
,,,,,
,,,,,
,,,,,
,,,,,
,,,,,
,,,,,
,,,,,
,,,,,
,,,,,
,,,,,
,,,,,
,,,,,
,,,,,
,,,,,
,,,,,
,,,,,
,,,,,
,,,,,
,,,,,
,,,,,
,,,,,
,,,,,
,,,,,
,,,,,
,,,,,
,,,,,
,,,,,
,,,,,
,,,,,
,,,,,
,,,,,
,,,,,
,,,,,
,,,,,
,,,,,
,,,,,
,,,,,
,,,,,
,,,,,
,,,,,
,,,,,
,,,,,
,,,,,
,,,,,
,,,,,
,,,,,
,,,,,
,,,,,
,,,,,
,,,,,
,,,,,
,,,,,
,,,,,
,,,,,
,,,,,
,,,,,
,,,,,
,,,,,
,,,,,
,,,,,
,,,,,
,,,,,
,,,,,
,,,,,
,,,,,
,,,,,
,,,,,
,,,,,
,,,,,
,,,,,
,,,,,
,,,,,
,,,,,
,,,,,
,,,,,
,,,,,
,,,,,
,,,,,
,,,,,
,,,,,
,,,,,
,,,,,
,,,,,
,,,,,
,,,,,
,,,,,
,,,,,
,,,,,
,,,,,
,,,,,
,,,,,
,,,,,
,,,,,
,,,,,
,,,,,
,,,,,
,,,,,
,,,,,
,,,,,
,,,,,
,,,,,
,,,,,
,,,,,
,,,,,
,,,,,
,,,,,
,,,,,
,,,,,
,,,,,
,,,,,
,,,,,
,,,,,
,,,,,
,,,,,
,,,,,
,,,,,
,,,,,
,,,,,
,,,,,
,,,,,
,,,,,
,,,,,
,,,,,
,,,,,
,,,,,
,,,,,
,,,,,
,,,,,
,,,,,
,,,,,
,,,,,
,,,,,
,,,,,
,,,,,
,,,,,
,,,,,
,,,,,
,,,,,
,,,,,
,,,,,
,,,,,
,,,,,
,,,,,
,,,,,
,,,,,
,,,,,
,,,,,
,,,,,
,,,,,
,,,,,
,,,,,
,,,,,
,,,,,
,,,,,
,,,,,
,,,,,
,,,,,
,,,,,
,,,,,
,,,,,
,,,,,
,,,,,
,,,,,
,,,,,
,,,,,
,,,,,
,,,,,
,,,,,
,,,,,
,,,,,
,,,,,
,,,,,
,,,,,
,,,,,
,,,,,
,,,,,
,,,,,
,,,,,
,,,,,
,,,,,
,,,,,
,,,,,
,,,,,
,,,,,
,,,,,
,,,,,
,,,,,
,,,,,
,,,,,
,,,,,
,,,,,
,,,,,
,,,,,
,,,,,
,,,,,
,,,,,
,,,,,
,,,,,
,,,,,
,,,,,
,,,,,
,,,,,
,,,,,
,,,,,
,,,,,
,,,,,
,,,,,
,,,,,
,,,,,
,,,,,
,,,,,
,,,,,
,,,,,
,,,,,
,,,,,
,,,,,
,,,,,
,,,,,
,,,,,
,,,,,
,,,,,
,,,,,
,,,,,
,,,,,
,,,,,
,,,,,
,,,,,
,,,,,
,,,,,
,,,,,
,,,,,
,,,,,
,,,,,
,,,,,
,,,,,
,,,,,
,,,,,
,,,,,
,,,,,
,,,,,
,,,,,
,,,,,
,,,,,
,,,,,
,,,,,
,,,,,
,,,,,
,,,,,
,,,,,
,,,,,
,,,,,
,,,,,
,,,,,
,,,,,
,,,,,
,,,,,
,,,,,
,,,,,
,,,,,
,,,,,
,,,,,
,,,,,
,,,,,
,,,,,
,,,,,
,,,,,
,,,,,
,,,,,
,,,,,
,,,,,
,,,,,
,,,,,
,,,,,
,,,,,
,,,,,
,,,,,
,,,,,
,,,,,
,,,,,
,,,,,
,,,,,
,,,,,
,,,,,
,,,,,
,,,,,
,,,,,
,,,,,
,,,,,
,,,,,
,,,,,
,,,,,
,,,,,
,,,,,
,,,,,
,,,,,
,,,,,
,,,,,
,,,,,
,,,,,
,,,,,
,,,,,
,,,,,
,,,,,
,,,,,
,,,,,
,,,,,
,,,,,
,,,,,
,,,,,
,,,,,
,,,,,
,,,,,
,,,,,
,,,,,
,,,,,
,,,,,
,,,,,
,,,,,
,,,,,
,,,,,
,,,,,
,,,,,
,,,,,
,,,,,
,,,,,
,,,,,
,,,,,
,,,,,
,,,,,
,,,,,
,,,,,
,,,,,
,,,,,
,,,,,
,,,,,
,,,,,
,,,,,
,,,,,
,,,,,
,,,,,
,,,,,
,,,,,
,,,,,
,,,,,
,,,,,
,,,,,
,,,,,
,,,,,
,,,,,
,,,,,
,,,,,
,,,,,
,,,,,
,,,,,
,,,,,
,,,,,
,,,,,
,,,,,
,,,,,
,,,,,
,,,,,
,,,,,
,,,,,
,,,,,
,,,,,
,,,,,
,,,,,
,,,,,
,,,,,
,,,,,
,,,,,
,,,,,
,,,,,
,,,,,
,,,,,
,,,,,
,,,,,
,,,,,
,,,,,
,,,,,
,,,,,
,,,,,
,,,,,
,,,,,
,,,,,
,,,,,
,,,,,
,,,,,
,,,,,
,,,,,
,,,,,
,,,,,
,,,,,
,,,,,
,,,,,
,,,,,
,,,,,
,,,,,
,,,,,
,,,,,
,,,,,
,,,,,
,,,,,
,,,,,
,,,,,
,,,,,
,,,,,
,,,,,
,,,,,
,,,,,
,,,,,
,,,,,
,,,,,
,,,,,
,,,,,
,,,,,
,,,,,
,,,,,
,,,,,
,,,,,
,,,,,
,,,,,
,,,,,
,,,,,
,,,,,
,,,,,
,,,,,
,,,,,
,,,,,
,,,,,
,,,,,
,,,,,
,,,,,
,,,,,
,,,,,
,,,,,
,,,,,
,,,,,
,,,,,
,,,,,
,,,,,
,,,,,
,,,,,
,,,,,
,,,,,
,,,,,
,,,,,
,,,,,
,,,,,
,,,,,
,,,,,
,,,,,
,,,,,
,,,,,
,,,,,
,,,,,
,,,,,
,,,,,
,,,,,
,,,,,
,,,,,
,,,,,
,,,,,
,,,,,
,,,,,
,,,,,
,,,,,
,,,,,
,,,,,
,,,,,
,,,,,
,,,,,
,,,,,
,,,,,
,,,,,
,,,,,
,,,,,
,,,,,
,,,,,
,,,,,
,,,,,
,,,,,
,,,,,
,,,,,
,,,,,
,,,,,
,,,,,
,,,,,
,,,,,
,,,,,
,,,,,
,,,,,
,,,,,
,,,,,
,,,,,
,,,,,
,,,,,
,,,,,
,,,,,
,,,,,
,,,,,
,,,,,
,,,,,
,,,,,
,,,,,
,,,,,
,,,,,
,,,,,
,,,,,
,,,,,
,,,,,
,,,,,
,,,,,
,,,,,
,,,,,
,,,,,
,,,,,
,,,,,
,,,,,
,,,,,
,,,,,
,,,,,
,,,,,
,,,,,
,,,,,
,,,,,
,,,,,
,,,,,
,,,,,
,,,,,
,,,,,
,,,,,
,,,,,
,,,,,
,,,,,
,,,,,
,,,,,
,,,,,
,,,,,
,,,,,
,,,,,
,,,,,
,,,,,
,,,,,
,,,,,
,,,,,
,,,,,
,,,,,
,,,,,
,,,,,
,,,,,
,,,,,
,,,,,
,,,,,
,,,,,
,,,,,
,,,,,
,,,,,
,,,,,
,,,,,
,,,,,
,,,,,
,,,,,
,,,,,
,,,,,
,,,,,
,,,,,
,,,,,
,,,,,
,,,,,
,,,,,
,,,,,
,,,,,
,,,,,
,,,,,
,,,,,
,,,,,
,,,,,
,,,,,
,,,,,
,,,,,
,,,,,
,,,,,
,,,,,
,,,,,
,,,,,
,,,,,
,,,,,
,,,,,
,,,,,
,,,,,
,,,,,
,,,,,
,,,,,
,,,,,
,,,,,
,,,,,
,,,,,
,,,,,
,,,,,
,,,,,
,,,,,
,,,,,
,,,,,
,,,,,
,,,,,
,,,,,
,,,,,
,,,,,
,,,,,
,,,,,
,,,,,
,,,,,
,,,,,
,,,,,
,,,,,
,,,,,
,,,,,
,,,,,
,,,,,
,,,,,
,,,,,
,,,,,
,,,,,
,,,,,
,,,,,
,,,,,
,,,,,
,,,,,
,,,,,
,,,,,
,,,,,
,,,,,
,,,,,
,,,,,
,,,,,
,,,,,
,,,,,
,,,,,
,,,,,
,,,,,
,,,,,
,,,,,
,,,,,
,,,,,
,,,,,
,,,,,
,,,,,
,,,,,
,,,,,
,,,,,
,,,,,
,,,,,
,,,,,
,,,,,
,,,,,
,,,,,
,,,,,
,,,,,
,,,,,
,,,,,
,,,,,
,,,,,
,,,,,
,,,,,
,,,,,
,,,,,
,,,,,
,,,,,
,,,,,
,,,,,
,,,,,
,,,,,
,,,,,
,,,,,
,,,,,
,,,,,
,,,,,
,,,,,
,,,,,
,,,,,
,,,,,
,,,,,
,,,,,
,,,,,
,,,,,
,,,,,
,,,,,
,,,,,
,,,,,
,,,,,
,,,,,
,,,,,
,,,,,
,,,,,
,,,,,
,,,,,
,,,,,
,,,,,
,,,,,
,,,,,
,,,,,
,,,,,
,,,,,
,,,,,
,,,,,
,,,,,
,,,,,
,,,,,
,,,,,
,,,,,
,,,,,
,,,,,
,,,,,
,,,,,
,,,,,
,,,,,
,,,,,
,,,,,
,,,,,
,,,,,
,,,,,
,,,,,
,,,,,
,,,,,
,,,,,
,,,,,
,,,,,
,,,,,
,,,,,
,,,,,
,,,,,
,,,,,
,,,,,
,,,,,
,,,,,
,,,,,
,,,,,
,,,,,
,,,,,
,,,,,
,,,,,
,,,,,
,,,,,
,,,,,
,,,,,
,,,,,
,,,,,
,,,,,
,,,,,
,,,,,
,,,,,
,,,,,
,,,,,
,,,,,
,,,,,
,,,,,
,,,,,
,,,,,
,,,,,
,,,,,
,,,,,
,,,,,
,,,,,
,,,,,
,,,,,
,,,,,
,,,,,
,,,,,
,,,,,
,,,,,
,,,,,
,,,,,
,,,,,
,,,,,
,,,,,
,,,,,
,,,,,
,,,,,
,,,,,
,,,,,
,,,,,
,,,,,
,,,,,
,,,,,
,,,,,
,,,,,
,,,,,
,,,,,
,,,,,
,,,,,
,,,,,
,,,,,
,,,,,
,,,,,
,,,,,
,,,,,
,,,,,
,,,,,
,,,,,
,,,,,
,,,,,
,,,,,
,,,,,
,,,,,
,,,,,
,,,,,
,,,,,
,,,,,
,,,,,
,,,,,
,,,,,
,,,,,
,,,,,
,,,,,
,,,,,
,,,,,
,,,,,
,,,,,
,,,,,
,,,,,
,,,,,
,,,,,
,,,,,
,,,,,
,,,,,
,,,,,
,,,,,
,,,,,
,,,,,
,,,,,
,,,,,
,,,,,
,,,,,
,,,,,
,,,,,
,,,,,
,,,,,
,,,,,
,,,,,
,,,,,
,,,,,
,,,,,
,,,,,
,,,,,
,,,,,
,,,,,
,,,,,
,,,,,
,,,,,
,,,,,
,,,,,
,,,,,
,,,,,
,,,,,
,,,,,
,,,,,
,,,,,
,,,,,
,,,,,
,,,,,
,,,,,
,,,,,
,,,,,
,,,,,
,,,,,
,,,,,
,,,,,
,,,,,
,,,,,
,,,,,
,,,,,
,,,,,
,,,,,
,,,,,
,,,,,
,,,,,
,,,,,
,,,,,
,,,,,
,,,,,
,,,,,
,,,,,
,,,,,
,,,,,
,,,,,
,,,,,
,,,,,
,,,,,
,,,,,
,,,,,
,,,,,
,,,,,
,,,,,
,,,,,
,,,,,
,,,,,
,,,,,
,,,,,
,,,,,
,,,,,
,,,,,
,,,,,
,,,,,
,,,,,
,,,,,
,,,,,
,,,,,
,,,,,
,,,,,
,,,,,
,,,,,
,,,,,
,,,,,
,,,,,
,,,,,
,,,,,
,,,,,
,,,,,
,,,,,
,,,,,
,,,,,
,,,,,
,,,,,
,,,,,
,,,,,
,,,,,
,,,,,
,,,,,
,,,,,
,,,,,
,,,,,
,,,,,
,,,,,
,,,,,
,,,,,
,,,,,
,,,,,
,,,,,
,,,,,
,,,,,
,,,,,
,,,,,
,,,,,
,,,,,
,,,,,
,,,,,
,,,,,
,,,,,
,,,,,
,,,,,
,,,,,
,,,,,
,,,,,
,,,,,
,,,,,
,,,,,
,,,,,
,,,,,
,,,,,
,,,,,
,,,,,
,,,,,
,,,,,
,,,,,
,,,,,
,,,,,
,,,,,
,,,,,
,,,,,
,,,,,
,,,,,
,,,,,
,,,,,
,,,,,
,,,,,
,,,,,
,,,,,
,,,,,
,,,,,
,,,,,
,,,,,
,,,,,
,,,,,
,,,,,
,,,,,
,,,,,
,,,,,
,,,,,
,,,,,
,,,,,
,,,,,
,,,,,
,,,,,
,,,,,
,,,,,
,,,,,
,,,,,
,,,,,
,,,,,
,,,,,
,,,,,
,,,,,
,,,,,
,,,,,
,,,,,
,,,,,
,,,,,
,,,,,
,,,,,
,,,,,
,,,,,
,,,,,
,,,,,
,,,,,
,,,,,
,,,,,
,,,,,
,,,,,
,,,,,
,,,,,
,,,,,
,,,,,
,,,,,
,,,,,
,,,,,
,,,,,
,,,,,
,,,,,
,,,,,
,,,,,
,,,,,
,,,,,
,,,,,
,,,,,
,,,,,
,,,,,
,,,,,
,,,,,
,,,,,
,,,,,
,,,,,
,,,,,
,,,,,
,,,,,
,,,,,
,,,,,
,,,,,
,,,,,
,,,,,
,,,,,
,,,,,
,,,,,
,,,,,
,,,,,
,,,,,
,,,,,
,,,,,
,,,,,
,,,,,
,,,,,
,,,,,
,,,,,
,,,,,
,,,,,
,,,,,
,,,,,
,,,,,
,,,,,
,,,,,
,,,,,
,,,,,
,,,,,
,,,,,
,,,,,
,,,,,
,,,,,
,,,,,
,,,,,
,,,,,
,,,,,
,,,,,
,,,,,
,,,,,
,,,,,
,,,,,
,,,,,
,,,,,
,,,,,
,,,,,
,,,,,
,,,,,
,,,,,
,,,,,
,,,,,
,,,,,
,,,,,
,,,,,
,,,,,
,,,,,
,,,,,
,,,,,
,,,,,
,,,,,
,,,,,
,,,,,
,,,,,
,,,,,
,,,,,
,,,,,
,,,,,
,,,,,
,,,,,
,,,,,
,,,,,
,,,,,
,,,,,
,,,,,
,,,,,
,,,,,
,,,,,
,,,,,
,,,,,
,,,,,
,,,,,
,,,,,
,,,,,
,,,,,
,,,,,
,,,,,
,,,,,
,,,,,
,,,,,
,,,,,
,,,,,
,,,,,
,,,,,
,,,,,
,,,,,
,,,,,
,,,,,
,,,,,
,,,,,
,,,,,
,,,,,
,,,,,
,,,,,
,,,,,
,,,,,
,,,,,
,,,,,
,,,,,
,,,,,
,,,,,
,,,,,
,,,,,
,,,,,
,,,,,
,,,,,
,,,,,
,,,,,
,,,,,
,,,,,
,,,,,
,,,,,
,,,,,
,,,,,
,,,,,
,,,,,
,,,,,
,,,,,
,,,,,
,,,,,
,,,,,
,,,,,
,,,,,
,,,,,
,,,,,
,,,,,
,,,,,
,,,,,
,,,,,
,,,,,
,,,,,
,,,,,
,,,,,
,,,,,
,,,,,
,,,,,
,,,,,
,,,,,
,,,,,
,,,,,
,,,,,
,,,,,
,,,,,
,,,,,
,,,,,
,,,,,
,,,,,
,,,,,
,,,,,
,,,,,
,,,,,
,,,,,
,,,,,
,,,,,
,,,,,
,,,,,
,,,,,
,,,,,
,,,,,
,,,,,
,,,,,
,,,,,
,,,,,
,,,,,
,,,,,
,,,,,
,,,,,
,,,,,
,,,,,
,,,,,
,,,,,
,,,,,
,,,,,
,,,,,
,,,,,
,,,,,
,,,,,
,,,,,
,,,,,
,,,,,
,,,,,
,,,,,
,,,,,
,,,,,
,,,,,
,,,,,
,,,,,
,,,,,
,,,,,
,,,,,
,,,,,
,,,,,
,,,,,
,,,,,
,,,,,
,,,,,
,,,,,
,,,,,
,,,,,
,,,,,
,,,,,
,,,,,
,,,,,
,,,,,
,,,,,
,,,,,
,,,,,
,,,,,
,,,,,
,,,,,
,,,,,
,,,,,
,,,,,
,,,,,
,,,,,
,,,,,
,,,,,
,,,,,
,,,,,
,,,,,
,,,,,
,,,,,
,,,,,
,,,,,
,,,,,
,,,,,
,,,,,
,,,,,
,,,,,
,,,,,
,,,,,
,,,,,
,,,,,
,,,,,
,,,,,
,,,,,
,,,,,
,,,,,
,,,,,
,,,,,
,,,,,
,,,,,
,,,,,
,,,,,
,,,,,
,,,,,
,,,,,
,,,,,
,,,,,
,,,,,
,,,,,
,,,,,
,,,,,
,,,,,
,,,,,
,,,,,
,,,,,
,,,,,
,,,,,
,,,,,
,,,,,
,,,,,
,,,,,
,,,,,
,,,,,
,,,,,
,,,,,
,,,,,
,,,,,
,,,,,
,,,,,
,,,,,
,,,,,
,,,,,
,,,,,
,,,,,
,,,,,
,,,,,
,,,,,
,,,,,
,,,,,
,,,,,
,,,,,
,,,,,
,,,,,
,,,,,
,,,,,
,,,,,
,,,,,
,,,,,
,,,,,
,,,,,
,,,,,
,,,,,
,,,,,
,,,,,
,,,,,
,,,,,
,,,,,
,,,,,
,,,,,
,,,,,
,,,,,
,,,,,
,,,,,
,,,,,
,,,,,
,,,,,
,,,,,
,,,,,
,,,,,
,,,,,
,,,,,
,,,,,
,,,,,
,,,,,
,,,,,
,,,,,
,,,,,
,,,,,
,,,,,
,,,,,
,,,,,
,,,,,
,,,,,
,,,,,
,,,,,
,,,,,
,,,,,
,,,,,
,,,,,
,,,,,
,,,,,
,,,,,
,,,,,
,,,,,
,,,,,
,,,,,
,,,,,
,,,,,
,,,,,
,,,,,
,,,,,
,,,,,
,,,,,
,,,,,
,,,,,
,,,,,
,,,,,
,,,,,
,,,,,
,,,,,
,,,,,
,,,,,
,,,,,
,,,,,
,,,,,
,,,,,
,,,,,
,,,,,
,,,,,
,,,,,
,,,,,
,,,,,
,,,,,
,,,,,
,,,,,
,,,,,
,,,,,
,,,,,
,,,,,
,,,,,
,,,,,
,,,,,
,,,,,
,,,,,
,,,,,
,,,,,
,,,,,
,,,,,
,,,,,
,,,,,
,,,,,
,,,,,
,,,,,
,,,,,
,,,,,
,,,,,
,,,,,
,,,,,
,,,,,
,,,,,
,,,,,
,,,,,
,,,,,
,,,,,
,,,,,
,,,,,
,,,,,
,,,,,
,,,,,
,,,,,
,,,,,
,,,,,
,,,,,
,,,,,
,,,,,
,,,,,
,,,,,
,,,,,
,,,,,
,,,,,
,,,,,
,,,,,
,,,,,
,,,,,
,,,,,
,,,,,
,,,,,
,,,,,
,,,,,
,,,,,
,,,,,
,,,,,
,,,,,
,,,,,
,,,,,
,,,,,
,,,,,
,,,,,
,,,,,
,,,,,
,,,,,
,,,,,
,,,,,
,,,,,
,,,,,
,,,,,
,,,,,
,,,,,
,,,,,
,,,,,
,,,,,
,,,,,
,,,,,
,,,,,
,,,,,
,,,,,
,,,,,
,,,,,
,,,,,
,,,,,
,,,,,
,,,,,
,,,,,
,,,,,
,,,,,
,,,,,
,,,,,
,,,,,
,,,,,
,,,,,
,,,,,
,,,,,
,,,,,
,,,,,
,,,,,
,,,,,
,,,,,
,,,,,
,,,,,
,,,,,
,,,,,
,,,,,
,,,,,
,,,,,
,,,,,
,,,,,
,,,,,
,,,,,
,,,,,
,,,,,
,,,,,
,,,,,
,,,,,
,,,,,
,,,,,
,,,,,
,,,,,
,,,,,
,,,,,
,,,,,
,,,,,
,,,,,
,,,,,
,,,,,
,,,,,
,,,,,
,,,,,
,,,,,
,,,,,
,,,,,
,,,,,
,,,,,
,,,,,
,,,,,
,,,,,
,,,,,
,,,,,
,,,,,
,,,,,
,,,,,
,,,,,
,,,,,
,,,,,
,,,,,
,,,,,
,,,,,
,,,,,
,,,,,
,,,,,
,,,,,
,,,,,
,,,,,
,,,,,
,,,,,
,,,,,
,,,,,
,,,,,
,,,,,
,,,,,
,,,,,
,,,,,
,,,,,
,,,,,
,,,,,
,,,,,
,,,,,
,,,,,
,,,,,
,,,,,
,,,,,
,,,,,
,,,,,
,,,,,
,,,,,
,,,,,
,,,,,
,,,,,
,,,,,
,,,,,
,,,,,
,,,,,
,,,,,
,,,,,
,,,,,
,,,,,
,,,,,
,,,,,
,,,,,
,,,,,
,,,,,
,,,,,
,,,,,
,,,,,
,,,,,
,,,,,
,,,,,
,,,,,
,,,,,
,,,,,
,,,,,
,,,,,
,,,,,
,,,,,
,,,,,
,,,,,
,,,,,
,,,,,
,,,,,
,,,,,
,,,,,
,,,,,
,,,,,
,,,,,
,,,,,
,,,,,
,,,,,
,,,,,
,,,,,
,,,,,
,,,,,
,,,,,
,,,,,
,,,,,
,,,,,
,,,,,
,,,,,
,,,,,
,,,,,
,,,,,
,,,,,
,,,,,
,,,,,
,,,,,
,,,,,
,,,,,
,,,,,
,,,,,
,,,,,
,,,,,
,,,,,
,,,,,
,,,,,
,,,,,
,,,,,
,,,,,
,,,,,
,,,,,
,,,,,
,,,,,
,,,,,
,,,,,
,,,,,
,,,,,
,,,,,
,,,,,
,,,,,
,,,,,
,,,,,
,,,,,
,,,,,
,,,,,
,,,,,
,,,,,
,,,,,
,,,,,
,,,,,
,,,,,
,,,,,
,,,,,
,,,,,
,,,,,
